;T_uncorrected;T_corrected
2015-09-11 00:00:00+00:00;9.0;8.99992298463718
2015-09-12 00:00:00+00:00;5.972222222222222;5.9721377008085
2015-09-13 00:00:00+00:00;8.25;8.249907278078817
2015-09-14 00:00:00+00:00;8.166666666666666;8.166564989280602
2015-09-15 00:00:00+00:00;7.277777777777778;7.277666324561368
2015-09-16 00:00:00+00:00;5.166666666666667;5.1665445465749285
2015-09-17 00:00:00+00:00;2.0833333333333335;2.0831995789819326
2015-09-18 00:00:00+00:00;2.4166666666666665;2.4165202282583387
2015-09-20 00:00:00+00:00;3.0833333333333335;3.0831580147282556
2015-09-21 00:00:00+00:00;3.5;3.499808285953812
2015-09-22 00:00:00+00:00;7.166666666666667;7.166457107751233
2015-09-23 00:00:00+00:00;2.0555555555555554;2.0553265823663294
2015-09-24 00:00:00+00:00;0.6666666666666666;0.6664165806515674
2015-09-25 00:00:00+00:00;0.25;0.24972696365475636
2015-09-26 00:00:00+00:00;0.75;0.7497020263919227
2015-09-27 00:00:00+00:00;2.25;2.249674941580305
2015-09-28 00:00:00+00:00;4.277777777777778;4.277423314440713
2015-09-29 00:00:00+00:00;3.8333333333333335;3.832946959678445
2015-09-30 00:00:00+00:00;1.6666666666666667;1.6662456784185486
2015-10-01 00:00:00+00:00;2.5;2.499541479537886
2015-10-02 00:00:00+00:00;5.416666666666667;5.416167467614133
2015-10-03 00:00:00+00:00;10.75;10.749456730822965
2015-10-04 00:00:00+00:00;-0.1388888888888889;-0.13947988232981703
2015-10-05 00:00:00+00:00;-0.3055555555555556;-0.3061982085545068
2015-10-06 00:00:00+00:00;-0.08333333333333333;-0.08403188204869244
2015-10-07 00:00:00+00:00;1.5;1.4992409976154546
2015-10-08 00:00:00+00:00;-1.9166666666666667;-1.9174910246810999
2015-10-09 00:00:00+00:00;-2.388888888888889;-2.3897838720637714
2015-10-10 00:00:00+00:00;-1.75;-1.7509712704133664
2015-10-11 00:00:00+00:00;0.6666666666666666;0.6656130279264995
2015-10-12 00:00:00+00:00;-1.0833333333333333;-1.084475868518666
2015-10-13 00:00:00+00:00;-1.6666666666666667;-1.667905103096285
2015-10-14 00:00:00+00:00;-3.8333333333333335;-3.8346751838449435
2015-10-15 00:00:00+00:00;-2.8333333333333335;-2.834786651946523
2015-10-16 00:00:00+00:00;-4.0;-4.001573416925452
2015-10-17 00:00:00+00:00;-4.444444444444445;-4.446147203041588
2015-10-18 00:00:00+00:00;-3.25;-3.251841995767584
2015-10-20 00:00:00+00:00;-2.0;-2.002152972919133
2015-10-21 00:00:00+00:00;-2.8333333333333335;-2.8356595649819165
2015-10-22 00:00:00+00:00;-3.8333333333333335;-3.8358457613932395
2015-10-23 00:00:00+00:00;-2.5;-2.502712442824454
2015-10-24 00:00:00+00:00;1.4166666666666667;1.4137394569911448
2015-10-25 00:00:00+00:00;-6.794871794871795;-6.7980295129516195
2015-10-26 00:00:00+00:00;-8.846153846153847;-8.849558862159089
2015-10-27 00:00:00+00:00;-7.0;-7.003670212785559
2015-10-28 00:00:00+00:00;-5.6923076923076925;-5.6962621743903865
2015-10-29 00:00:00+00:00;-5.6923076923076925;-5.696566757254364
2015-10-30 00:00:00+00:00;-4.512820512820513;-4.517405785793833
2015-10-31 00:00:00+00:00;-5.615384615384615;-5.620319106944022
2015-11-01 00:00:00+00:00;-6.6923076923076925;-6.6976158755622945
2015-11-02 00:00:00+00:00;-11.743589743589743;-11.749297634799081
2015-11-03 00:00:00+00:00;-7.6923076923076925;-7.698442935024991
2015-11-04 00:00:00+00:00;-5.0;-5.0065919528508545
2015-11-05 00:00:00+00:00;-4.0;-4.007079828187451
2015-11-06 00:00:00+00:00;-4.384615384615385;-4.392216155239806
2015-11-07 00:00:00+00:00;-5.153846153846154;-5.162002935125523
2015-11-08 00:00:00+00:00;-6.6923076923076925;-6.701057656780424
2015-11-09 00:00:00+00:00;-8.461538461538462;-8.470920993327129
2015-11-10 00:00:00+00:00;-10.384615384615385;-10.394672190825295
2015-11-11 00:00:00+00:00;-7.6923076923076925;-7.703082918629378
2015-11-12 00:00:00+00:00;-10.538461538461538;-10.550001889040779
2015-11-13 00:00:00+00:00;-10.23076923076923;-10.243124092402176
2015-11-14 00:00:00+00:00;-11.128205128205128;-11.1414266989095
2015-11-15 00:00:00+00:00;-2.3846153846153846;-2.398758806621415
2015-11-16 00:00:00+00:00;-3.0;-3.015123497196963
2015-11-17 00:00:00+00:00;-8.923076923076923;-8.939241942942502
2015-11-18 00:00:00+00:00;-1.6923076923076923;-1.7095790523382246
2015-11-20 00:00:00+00:00;2.8461538461538463;2.8264611140270026
2015-11-21 00:00:00+00:00;-2.6923076923076925;-2.713322969111634
2015-11-22 00:00:00+00:00;-10.743589743589743;-10.766007417017976
2015-11-23 00:00:00+00:00;-10.0;-10.023904091580023
2015-11-24 00:00:00+00:00;-11.0;-11.025478874048341
2015-11-25 00:00:00+00:00;-12.384615384615385;-12.411761925755284
2015-11-26 00:00:00+00:00;-11.871794871794872;-11.900706666701161
2015-11-27 00:00:00+00:00;-20.307692307692307;-20.338471830965858
2015-11-28 00:00:00+00:00;-18.23076923076923;-18.263524034826727
2015-11-29 00:00:00+00:00;-14.538461538461538;-14.573304447308985
2015-11-30 00:00:00+00:00;-9.923076923076923;-9.960126229817146
2015-12-01 00:00:00+00:00;-17.153846153846153;-17.193225821751724
2015-12-02 00:00:00+00:00;-20.53846153846154;-20.580301405425
2015-12-03 00:00:00+00:00;-23.384615384615383;-23.429051370768352
2015-12-04 00:00:00+00:00;-19.71794871794872;-19.765123036220523
2015-12-05 00:00:00+00:00;-20.384615384615383;-20.434676753980277
2015-12-06 00:00:00+00:00;-20.384615384615383;-20.43771924575521
2015-12-07 00:00:00+00:00;-19.53846153846154;-19.59477027154784
2015-12-08 00:00:00+00:00;-19.923076923076923;-19.982760067353194
2015-12-09 00:00:00+00:00;-9.384615384615385;-9.447849859436353
2015-12-10 00:00:00+00:00;-6.230769230769231;-6.297739557729628
2015-12-11 00:00:00+00:00;-6.230769230769231;-6.301667756529942
2015-12-12 00:00:00+00:00;-12.692307692307692;-12.767334811702016
2015-12-13 00:00:00+00:00;-15.307692307692308;-15.387056686669789
2015-12-14 00:00:00+00:00;-17.153846153846153;-17.237764951785856
2015-12-15 00:00:00+00:00;-25.153846153846153;-25.242545244745575
2015-12-16 00:00:00+00:00;-23.53846153846154;-23.63217573048157
2015-12-17 00:00:00+00:00;-22.846153846153847;-22.945127098974464
2015-12-18 00:00:00+00:00;-21.923076923076923;-22.027562562492598
2015-12-20 00:00:00+00:00;-22.025641025641026;-22.141949932303213
2015-12-21 00:00:00+00:00;-23.0;-23.12263955917603
2015-12-22 00:00:00+00:00;-17.923076923076923;-18.05233999436556
2015-12-23 00:00:00+00:00;-14.487179487179487;-14.623369306117885
2015-12-24 00:00:00+00:00;-9.846153846153847;-9.989584208859503
2015-12-25 00:00:00+00:00;-13.923076923076923;-14.07407236344212
2015-12-26 00:00:00+00:00;-17.0;-17.158895958677675
2015-12-27 00:00:00+00:00;-17.615384615384617;-17.782527599784334
2015-12-28 00:00:00+00:00;-22.58974358974359;-22.76549132423722
2015-12-29 00:00:00+00:00;-20.615384615384617;-20.800106180903555
2015-12-30 00:00:00+00:00;-15.692307692307692;-15.886383654497108
2015-12-31 00:00:00+00:00;-18.692307692307693;-18.89613021738847
2016-01-01 00:00:00+00:00;-16.846153846153847;-17.06012680362979
2016-01-02 00:00:00+00:00;-15.0;-15.224539051336535
2016-01-03 00:00:00+00:00;-19.076923076923077;-19.312455749314317
2016-01-04 00:00:00+00:00;-23.923076923076923;-24.17004266741064
2016-01-05 00:00:00+00:00;-21.23076923076923;-21.489619462894137
2016-01-06 00:00:00+00:00;-22.615384615384617;-22.88658273978161
2016-01-07 00:00:00+00:00;-23.0;-23.28402141495855
2016-01-08 00:00:00+00:00;-24.307692307692307;-24.605024391095466
2016-01-09 00:00:00+00:00;-26.794871794871796;-27.106013869698085
2016-01-10 00:00:00+00:00;-11.794871794871796;-12.120335073529898
2016-01-11 00:00:00+00:00;-14.0;-14.340307506622729
2016-01-12 00:00:00+00:00;-15.512820512820513;-15.868506982658058
2016-01-13 00:00:00+00:00;-21.0;-21.37161175506905
2016-01-14 00:00:00+00:00;-21.53846153846154;-21.92655633862669
2016-01-15 00:00:00+00:00;-12.153846153846153;-12.558993022533027
2016-01-16 00:00:00+00:00;-16.0;-16.422779023765955
2016-01-17 00:00:00+00:00;-9.974358974358974;-10.415361075576916
2016-01-18 00:00:00+00:00;-10.23076923076923;-10.69059591271337
2016-01-20 00:00:00+00:00;-19.923076923076923;-20.422398155060254
2016-01-21 00:00:00+00:00;-18.76923076923077;-19.289241600177373
2016-01-22 00:00:00+00:00;-23.53846153846154;-24.07980267140799
2016-01-23 00:00:00+00:00;-20.615384615384617;-21.17870562359998
2016-01-24 00:00:00+00:00;-26.23076923076923;-26.81672812461869
2016-01-25 00:00:00+00:00;-23.692307692307693;-24.30157045476466
2016-01-26 00:00:00+00:00;-28.307692307692307;-28.940932398180063
2016-01-27 00:00:00+00:00;-34.0;-34.65789782630862
2016-01-28 00:00:00+00:00;-26.076923076923077;-26.760165435015338
2016-01-29 00:00:00+00:00;-24.923076923076923;-25.63235640466811
2016-01-30 00:00:00+00:00;-22.076923076923077;-22.812937444793956
2016-01-31 00:00:00+00:00;-21.46153846153846;-22.22498999261798
2016-02-01 00:00:00+00:00;-20.53846153846154;-21.330056334795998
2016-02-02 00:00:00+00:00;-20.743589743589745;-21.564037011398053
2016-02-03 00:00:00+00:00;-22.53846153846154;-23.38847283556163
2016-02-04 00:00:00+00:00;-28.923076923076923;-29.803365375056107
2016-02-05 00:00:00+00:00;-29.23076923076923;-30.142048716361266
2016-02-06 00:00:00+00:00;-27.0;-27.942984306223455
2016-02-07 00:00:00+00:00;-24.153846153846153;-25.129248101552253
2016-02-08 00:00:00+00:00;-23.76923076923077;-24.77776130980397
2016-02-09 00:00:00+00:00;-22.23076923076923;-23.27313651481999
2016-02-10 00:00:00+00:00;-23.333333333333332;-24.41024175231973
2016-02-11 00:00:00+00:00;-22.384615384615383;-23.49676458642816
2016-02-12 00:00:00+00:00;-22.153846153846153;-23.30193003348982
2016-02-13 00:00:00+00:00;-17.0;-18.18470566660107
2016-02-14 00:00:00+00:00;-18.794871794871796;-20.016878516343017
2016-02-15 00:00:00+00:00;-20.76923076923077;-22.029208896017824
2016-02-16 00:00:00+00:00;-20.76923076923077;-22.06784063866417
2016-02-17 00:00:00+00:00;-21.0;-22.337890822870257
2016-02-18 00:00:00+00:00;-25.794871794871796;-27.17268052593943
2016-02-20 00:00:00+00:00;-9.923076923076923;-11.38257757957164
2016-02-21 00:00:00+00:00;-24.384615384615383;-25.885859780020983
2016-02-22 00:00:00+00:00;-29.153846153846153;-30.69741066756703
2016-02-23 00:00:00+00:00;-27.23076923076923;-28.81721216392909
2016-02-24 00:00:00+00:00;-25.846153846153847;-27.47601423660396
2016-02-25 00:00:00+00:00;-22.743589743589745;-24.417386179241888
2016-02-26 00:00:00+00:00;-30.666666666666668;-32.384896099509625
2016-02-27 00:00:00+00:00;-30.025641025641026;-31.788777588862324
2016-02-28 00:00:00+00:00;-23.53846153846154;-25.34695536915387
2016-02-29 00:00:00+00:00;-24.692307692307693;-26.54658376229169
2016-03-01 00:00:00+00:00;-27.794871794871796;-29.695328752213232
2016-03-02 00:00:00+00:00;-26.564102564102566;-28.51111158794245
2016-03-03 00:00:00+00:00;-19.76923076923077;-21.763134440580636
2016-03-04 00:00:00+00:00;-17.076923076923077;-19.11803426810509
2016-03-05 00:00:00+00:00;-19.871794871794872;-21.96039565722679
2016-03-06 00:00:00+00:00;-21.0;-23.136340591038067
2016-03-07 00:00:00+00:00;-22.153846153846153;-24.338143860404994
2016-03-08 00:00:00+00:00;-22.615384615384617;-24.84782283705135
2016-03-09 00:00:00+00:00;-19.23076923076923;-21.511496480119654
2016-03-10 00:00:00+00:00;-19.46153846153846;-21.790667422345717
2016-03-11 00:00:00+00:00;-17.46153846153846;-19.83914508453934
2016-03-12 00:00:00+00:00;-19.0;-21.426122638850536
2016-03-13 00:00:00+00:00;-18.05128205128205;-20.525920641292544
2016-03-14 00:00:00+00:00;-8.794871794871796;-11.317987077061515
2016-03-15 00:00:00+00:00;-12.692307692307692;-15.263820485261586
2016-03-16 00:00:00+00:00;-17.307692307692307;-19.927482829635846
2016-03-17 00:00:00+00:00;-16.846153846153847;-19.514061089587756
2016-03-18 00:00:00+00:00;-16.153846153846153;-18.869667315000438
2016-03-20 00:00:00+00:00;-19.666666666666668;-22.477537558140277
2016-03-21 00:00:00+00:00;-14.846153846153847;-17.70407462809948
2016-03-22 00:00:00+00:00;-21.94871794871795;-24.853314097012735
2016-03-23 00:00:00+00:00;-20.076923076923077;-23.02777631305724
2016-03-24 00:00:00+00:00;-15.153846153846153;-18.150494245146156
2016-03-25 00:00:00+00:00;-17.205128205128204;-20.2470648326626
2016-03-26 00:00:00+00:00;-18.923076923076923;-22.00975161857507
2016-03-27 00:00:00+00:00;-16.916666666666668;-20.047484819634192
2016-03-28 00:00:00+00:00;-17.5;-20.674322936063128
2016-03-29 00:00:00+00:00;-10.916666666666666;-14.133811798020632
2016-03-30 00:00:00+00:00;-20.194444444444443;-23.453685493119444
2016-03-31 00:00:00+00:00;-18.166666666666668;-21.467233961158847
2016-04-01 00:00:00+00:00;-11.583333333333334;-14.924414178978534
2016-04-02 00:00:00+00:00;-11.916666666666666;-15.297405789961484
2016-04-03 00:00:00+00:00;-14.527777777777779;-17.94727784467661
2016-04-04 00:00:00+00:00;-16.083333333333332;-19.54065554137186
2016-04-05 00:00:00+00:00;-16.77777777777778;-20.27194252169339
2016-04-06 00:00:00+00:00;-19.305555555555557;-22.835543165894183
2016-04-07 00:00:00+00:00;-15.083333333333334;-18.64808488735036
2016-04-08 00:00:00+00:00;-12.666666666666666;-16.265084870647925
2016-04-09 00:00:00+00:00;-12.027777777777779;-15.65872791972549
2016-04-10 00:00:00+00:00;-11.38888888888889;-15.051199860337258
2016-04-11 00:00:00+00:00;-5.388888888888889;-9.081354274435968
2016-04-12 00:00:00+00:00;-8.833333333333334;-12.554712566299639
2016-04-13 00:00:00+00:00;-9.166666666666666;-12.915686249118103
2016-04-14 00:00:00+00:00;-6.611111111111111;-10.386465896314128
2016-04-15 00:00:00+00:00;-7.083333333333333;-10.883687868544827
2016-04-16 00:00:00+00:00;-3.5833333333333335;-7.407323260666882
2016-04-17 00:00:00+00:00;-8.166666666666666;-12.01290017962108
2016-04-18 00:00:00+00:00;-10.777777777777779;-14.644837130863946
2016-04-20 00:00:00+00:00;-0.9166666666666666;-4.821028555230249
2016-04-21 00:00:00+00:00;-11.916666666666666;-15.837461359896128
2016-04-22 00:00:00+00:00;-12.916666666666666;-16.852388723759535
2016-04-23 00:00:00+00:00;-8.194444444444445;-12.143570730808898
2016-04-24 00:00:00+00:00;-9.5;-13.46099145407676
2016-04-25 00:00:00+00:00;-10.0;-13.971303431619688
2016-04-26 00:00:00+00:00;-4.361111111111111;-8.341161027886981
2016-04-27 00:00:00+00:00;5.472222222222222;1.4850017640441295
2016-04-28 00:00:00+00:00;5.5;1.5071935238793435
2016-04-29 00:00:00+00:00;1.6666666666666667;-2.3301346130000695
2016-04-30 00:00:00+00:00;-1.9444444444444444;-5.943644524448375
2016-05-01 00:00:00+00:00;5.166666666666667;1.1666666666559449
2016-05-02 00:00:00+00:00;0.5833333333333334;-3.4158667466737387
2016-05-03 00:00:00+00:00;3.9166666666666665;-0.08013461300641589
2016-05-04 00:00:00+00:00;-4.972222222222222;-8.965028698352558
2016-05-05 00:00:00+00:00;-2.9166666666666665;-6.903887124857965
2016-05-06 00:00:00+00:00;-0.6666666666666666;-4.646716583459535
2016-05-07 00:00:00+00:00;0.9166666666666666;-3.0546367649741493
2016-05-08 00:00:00+00:00;-0.08333333333333333;-4.044324787435776
2016-05-09 00:00:00+00:00;1.6666666666666667;-2.2824596197285345
2016-05-10 00:00:00+00:00;5.0;1.0642779428707103
2016-05-11 00:00:00+00:00;4.5;0.5792053067277239
2016-05-12 00:00:00+00:00;1.9166666666666667;-1.9876952219469648
2016-05-13 00:00:00+00:00;0.3888888888888889;-3.497554179927673
2016-05-14 00:00:00+00:00;5.5;1.6329406468462206
2016-05-15 00:00:00+00:00;6.333333333333333;2.487099820300647
2016-05-16 00:00:00+00:00;6.611111111111111;2.787121183687121
2016-05-17 00:00:00+00:00;2.9166666666666665;-0.8836878686491737
2016-05-18 00:00:00+00:00;1.5833333333333333;-2.1920214519899273
2016-05-20 00:00:00+00:00;-0.5277777777777778;-4.249157010903292
2016-05-21 00:00:00+00:00;-0.6666666666666666;-4.3591320523967285
2016-05-22 00:00:00+00:00;0.25;-3.412310971658543
2016-05-23 00:00:00+00:00;-0.25;-3.8809501421889747
2016-05-24 00:00:00+00:00;0.8888888888888888;-2.7095293153691755
2016-05-25 00:00:00+00:00;1.25;-2.3147515543344404
2016-05-26 00:00:00+00:00;3.0833333333333335;-0.4466542773691076
2016-05-27 00:00:00+00:00;2.75;-0.7441647443324135
2016-05-28 00:00:00+00:00;1.5277777777777777;-1.9295444307380438
2016-05-29 00:00:00+00:00;-0.75;-4.169500067445168
2016-05-30 00:00:00+00:00;0.5;-2.8807391239199136
2016-05-31 00:00:00+00:00;0.25;-3.091080846360112
2016-06-01 00:00:00+00:00;3.1666666666666665;-0.13390062864280686
2016-06-02 00:00:00+00:00;5.5;2.2407589503910454
2016-06-03 00:00:00+00:00;6.5;3.282854867579201
2016-06-04 00:00:00+00:00;4.666666666666667;1.4923437293854172
2016-06-05 00:00:00+00:00;6.861111111111111;3.730292956753281
2016-06-06 00:00:00+00:00;2.25;-0.836674697084335
2016-06-07 00:00:00+00:00;1.0833333333333333;-1.95860329601
2016-06-08 00:00:00+00:00;0.9166666666666666;-2.079981426695477
2016-06-09 00:00:00+00:00;3.4166666666666665;0.46581342818265764
2016-06-10 00:00:00+00:00;3.25;0.34540384902860227
2016-06-11 00:00:00+00:00;3.5;0.6420792150067678
2016-06-12 00:00:00+00:00;3.75;0.9391291050577769
2016-06-13 00:00:00+00:00;6.333333333333333;3.569843364110745
2016-06-14 00:00:00+00:00;7.75;5.034178834357939
2016-06-15 00:00:00+00:00;8.0;5.332092751464471
2016-06-16 00:00:00+00:00;8.5;5.880209472259353
2016-06-17 00:00:00+00:00;12.916666666666666;10.345153867128003
2016-06-18 00:00:00+00:00;10.083333333333334;7.560218043667155
2016-06-20 00:00:00+00:00;9.916666666666666;7.490544018189243
2016-06-21 00:00:00+00:00;4.5;2.1223933660816994
2016-06-22 00:00:00+00:00;2.5833333333333335;0.2542043601500664
2016-06-23 00:00:00+00:00;1.0;-1.280727263374281
2016-06-24 00:00:00+00:00;2.3333333333333335;0.10089509578184197
2016-06-25 00:00:00+00:00;5.25;3.065702275455764
2016-06-26 00:00:00+00:00;7.444444444444445;5.3081038330506916
2016-06-27 00:00:00+00:00;3.1666666666666665;1.078065858205611
2016-06-28 00:00:00+00:00;6.583333333333333;4.542222116108026
2016-06-29 00:00:00+00:00;13.027777777777779;11.033874076987741
2016-06-30 00:00:00+00:00;11.583333333333334;9.636324276226636
2016-07-01 00:00:00+00:00;9.5;7.599543005082764
2016-07-02 00:00:00+00:00;7.583333333333333;5.729057220923389
2016-07-03 00:00:00+00:00;8.055555555555555;6.24706167698024
2016-07-04 00:00:00+00:00;7.25;5.4868633827583855
2016-07-05 00:00:00+00:00;6.0;4.281770506237124
2016-07-06 00:00:00+00:00;8.75;7.076203495674578
2016-07-07 00:00:00+00:00;8.805555555555555;7.17569508772298
2016-07-08 00:00:00+00:00;7.666666666666667;6.0802236463455275
2016-07-09 00:00:00+00:00;9.75;8.206435388142541
2016-07-10 00:00:00+00:00;16.583333333333332;15.082088827478037
2016-07-11 00:00:00+00:00;10.166666666666666;8.70716588591393
2016-07-12 00:00:00+00:00;15.972222222222221;14.55387188824189
2016-07-13 00:00:00+00:00;9.083333333333334;7.705524445184917
2016-07-14 00:00:00+00:00;3.4166666666666665;2.0787756672894693
2016-07-15 00:00:00+00:00;4.194444444444445;2.895834376754833
2016-07-16 00:00:00+00:00;8.75;7.490021650616561
2016-07-17 00:00:00+00:00;8.75;7.527993028703897
2016-07-18 00:00:00+00:00;8.0;6.815294053127035
2016-07-20 00:00:00+00:00;12.583333333333334;11.471183779193389
2016-07-21 00:00:00+00:00;4.916666666666667;3.8397578528878133
2016-07-22 00:00:00+00:00;4.75;3.7076322737501584
2016-07-23 00:00:00+00:00;9.916666666666666;8.90813563099325
2016-07-24 00:00:00+00:00;12.166666666666666;11.191264164852244
2016-07-25 00:00:00+00:00;14.25;13.307015073875291
2016-07-26 00:00:00+00:00;17.083333333333332;16.17205315451243
2016-07-27 00:00:00+00:00;14.222222222222221;13.341932995322729
2016-07-28 00:00:00+00:00;13.88888888888889;13.038876725896793
2016-07-29 00:00:00+00:00;14.916666666666666;14.096218431701978
2016-07-30 00:00:00+00:00;13.25;12.458404123834141
2016-07-31 00:00:00+00:00;12.25;11.48654726376942
2016-08-01 00:00:00+00:00;15.472222222222221;14.736206509874572
2016-08-02 00:00:00+00:00;20.416666666666668;19.70738568576561
2016-08-03 00:00:00+00:00;16.27777777777778;15.59453374838025
2016-08-04 00:00:00+00:00;17.694444444444443;17.036544755849537
2016-08-05 00:00:00+00:00;13.333333333333334;12.700091168584635
2016-08-06 00:00:00+00:00;14.5;13.890734928103383
2016-08-07 00:00:00+00:00;15.333333333333334;14.747371869229376
2016-08-08 00:00:00+00:00;10.36111111111111;9.797787243515456
2016-08-09 00:00:00+00:00;12.944444444444445;12.403100131740548
2016-08-10 00:00:00+00:00;9.25;8.729985634436499
2016-08-11 00:00:00+00:00;4.25;3.750674840509489
2016-08-12 00:00:00+00:00;9.333333333333334;8.854065907350414
2016-08-13 00:00:00+00:00;11.194444444444445;10.734612919158591
2016-08-14 00:00:00+00:00;13.583333333333334;13.142325856866282
2016-08-15 00:00:00+00:00;16.166666666666668;15.743881679714612
2016-08-16 00:00:00+00:00;14.75;14.344846518527977
2016-08-17 00:00:00+00:00;13.333333333333334;12.945231202952659
2016-08-18 00:00:00+00:00;13.083333333333334;12.711713456032886
2016-08-20 00:00:00+00:00;15.0;14.659682533099906
2016-08-21 00:00:00+00:00;13.36111111111111;13.035636809222405
2016-08-22 00:00:00+00:00;12.083333333333334;11.77217906376451
2016-08-23 00:00:00+00:00;10.75;10.452654431233247
2016-08-24 00:00:00+00:00;7.166666666666667;6.882630345095431
2016-08-25 00:00:00+00:00;9.5;9.228785404542721
2016-08-26 00:00:00+00:00;9.166666666666666;8.907798242123665
2016-08-27 00:00:00+00:00;10.583333333333334;10.336347503363893
2016-08-28 00:00:00+00:00;9.666666666666666;9.43111182727049
2016-08-29 00:00:00+00:00;8.5;8.275436494391599
2016-08-30 00:00:00+00:00;5.416666666666667;5.202666742432811
2016-08-31 00:00:00+00:00;8.666666666666666;8.462814416096121
2016-09-18 00:00:00+00:00;8.0;7.920475359832947
2016-09-20 00:00:00+00:00;11.5;11.4289097601931
2016-09-21 00:00:00+00:00;9.333333333333334;9.266153447457501
2016-09-22 00:00:00+00:00;5.416666666666667;5.353203218656474
2016-09-23 00:00:00+00:00;4.083333333333333;4.023400103041962
2016-09-24 00:00:00+00:00;3.9166666666666665;3.8600848972351236
2016-09-25 00:00:00+00:00;5.666666666666667;5.6132648319187615
2016-09-26 00:00:00+00:00;5.666666666666667;5.616280238882077
2016-09-27 00:00:00+00:00;8.25;8.202471218391134
2016-09-28 00:00:00+00:00;10.0;9.955177640192142
2016-09-29 00:00:00+00:00;7.75;7.7077391447884205
2016-09-30 00:00:00+00:00;5.583333333333333;5.54349514496565
2016-10-01 00:00:00+00:00;3.5;3.462451494207245
2016-10-02 00:00:00+00:00;1.25;1.214613821975518
2016-10-03 00:00:00+00:00;2.4;2.3666542025015755
2016-10-04 00:00:00+00:00;4.916666666666667;4.885244490394166
2016-10-05 00:00:00+00:00;0.1;0.07038965637835115
2016-10-06 00:00:00+00:00;0.5;0.4720944564755552
2016-10-07 00:00:00+00:00;0.4166666666666667;0.3903634346038925
2016-10-08 00:00:00+00:00;-0.4166666666666667;-0.4414657414215729
2016-10-09 00:00:00+00:00;0.3333333333333333;0.3099443894917331
2016-10-10 00:00:00+00:00;0.5;0.4779310844558912
2016-10-11 00:00:00+00:00;2.1;2.0791647326878238
2016-10-12 00:00:00+00:00;-0.16666666666666666;-0.18635114174601705
2016-10-13 00:00:00+00:00;-1.1666666666666667;-1.1852798772088091
2016-10-14 00:00:00+00:00;-0.6666666666666666;-0.6842850051454347
2016-10-15 00:00:00+00:00;-0.25;-0.2666969141224156
2016-10-16 00:00:00+00:00;-1.5;-1.5158461806031733
2016-10-17 00:00:00+00:00;-1.5833333333333333;-1.5983968998052895
2016-10-18 00:00:00+00:00;-5.416666666666667;-5.431013349985627
2016-10-20 00:00:00+00:00;-5.5;-5.513101457970269
2016-10-21 00:00:00+00:00;-0.3333333333333333;-0.3459025676031497
2016-10-22 00:00:00+00:00;-2.0;-2.012094974613121
2016-10-23 00:00:00+00:00;-2.9166666666666665;-2.92834384081492
2016-10-24 00:00:00+00:00;-2.6666666666666665;-2.6779811660258606
2016-10-25 00:00:00+00:00;-3.0833333333333335;-3.0943391199629966
2016-10-26 00:00:00+00:00;-1.25;-1.2607500409730101
2016-10-27 00:00:00+00:00;-0.25;-0.2605464349335489
2016-10-28 00:00:00+00:00;-1.0833333333333333;-1.0937276409973027
2016-10-29 00:00:00+00:00;-6.333333333333333;-6.343626497515992
2016-10-30 00:00:00+00:00;-4.0;-4.010242674814009
2016-10-31 00:00:00+00:00;-4.538461538461538;-4.548704213275547
2016-11-01 00:00:00+00:00;-2.3076923076923075;-2.3179854718749664
2016-11-02 00:00:00+00:00;1.0909090909090908;1.0805147832451214
2016-11-03 00:00:00+00:00;0.45454545454545453;0.44399901961190563
2016-11-04 00:00:00+00:00;-1.8461538461538463;-1.8569038871268564
2016-11-05 00:00:00+00:00;-5.615384615384615;-5.6263904020142785
2016-11-06 00:00:00+00:00;-3.1538461538461537;-3.165160653205348
2016-11-07 00:00:00+00:00;-4.0;-4.011677174148254
2016-11-08 00:00:00+00:00;-6.0;-6.012094974613121
2016-11-09 00:00:00+00:00;-7.6923076923076925;-7.7048769265775086
2016-11-10 00:00:00+00:00;-4.769230769230769;-4.782332227201038
2016-11-11 00:00:00+00:00;-5.461538461538462;-5.475231785036835
2016-11-12 00:00:00+00:00;-10.384615384615385;-10.398962067934345
2016-11-13 00:00:00+00:00;-4.0;-4.015063566471957
2016-11-14 00:00:00+00:00;-8.076923076923077;-8.09276925752625
2016-11-15 00:00:00+00:00;-6.6923076923076925;-6.709004606430108
2016-11-16 00:00:00+00:00;-3.6923076923076925;-3.7099260307864608
2016-11-17 00:00:00+00:00;1.8461538461538463;1.8275406356117039
2016-11-18 00:00:00+00:00;-2.5454545454545454;-2.5651390205338958
2016-11-20 00:00:00+00:00;-7.153846153846154;-7.175915069390263
2016-11-21 00:00:00+00:00;-6.0;-6.0233889438416
2016-11-22 00:00:00+00:00;-6.230769230769231;-6.255568305524137
2016-11-23 00:00:00+00:00;-8.846153846153847;-8.872457078216621
2016-11-24 00:00:00+00:00;-5.230769230769231;-5.2586747742936755
2016-11-25 00:00:00+00:00;-3.6153846153846154;-3.6449949590062642
2016-11-26 00:00:00+00:00;-3.230769230769231;-3.262191407041732
2016-11-27 00:00:00+00:00;-5.615384615384615;-5.648730412883039
2016-11-28 00:00:00+00:00;-11.153846153846153;-11.189232331870635
2016-11-29 00:00:00+00:00;-11.615384615384615;-11.652933121177371
2016-11-30 00:00:00+00:00;-9.538461538461538;-9.578299726829222
2016-12-01 00:00:00+00:00;-8.384615384615385;-8.426876239826964
2016-12-02 00:00:00+00:00;-6.538461538461538;-6.583283898269396
2016-12-03 00:00:00+00:00;-6.3076923076923075;-6.355221089301175
2016-12-04 00:00:00+00:00;-5.923076923076923;-5.973463350861513
2016-12-05 00:00:00+00:00;-7.153846153846154;-7.20724798859406
2016-12-06 00:00:00+00:00;-7.461538461538462;-7.518120230970005
2016-12-07 00:00:00+00:00;-9.23076923076923;-9.290702461060599
2016-12-08 00:00:00+00:00;-12.461538461538462;-12.525001909548655
2016-12-09 00:00:00+00:00;-11.153846153846153;-11.221026039721986
2016-12-10 00:00:00+00:00;-14.23076923076923;-14.30185947057613
2016-12-11 00:00:00+00:00;-15.076923076923077;-15.152125514922478
2016-12-12 00:00:00+00:00;-12.307692307692308;-12.387216947859361
2016-12-13 00:00:00+00:00;-14.923076923076923;-15.007142159424953
2016-12-14 00:00:00+00:00;-14.23076923076923;-14.319602076020052
2016-12-15 00:00:00+00:00;-15.76923076923077;-15.86306708134254
2016-12-16 00:00:00+00:00;-14.692307692307692;-14.791392398344719
2016-12-17 00:00:00+00:00;-14.23076923076923;-14.335356547570967
2016-12-18 00:00:00+00:00;-19.307692307692307;-19.418045958771863
2016-12-20 00:00:00+00:00;-22.692307692307693;-22.815024266846542
2016-12-21 00:00:00+00:00;-20.23076923076923;-20.360102449891144
2016-12-22 00:00:00+00:00;-22.846153846153847;-22.982407532227835
2016-12-23 00:00:00+00:00;-22.153846153846153;-22.29733464207814
2016-12-24 00:00:00+00:00;-21.076923076923077;-21.227971396216066
2016-12-25 00:00:00+00:00;-19.692307692307693;-19.851251737651108
2016-12-26 00:00:00+00:00;-19.0;-19.16718669562406
2016-12-27 00:00:00+00:00;-19.923076923076923;-20.098864375587777
2016-12-28 00:00:00+00:00;-13.461538461538462;-13.646296102231082
2016-12-29 00:00:00+00:00;-14.307692307692308;-14.501801023220986
2016-12-30 00:00:00+00:00;-15.23076923076923;-15.434621481339775
2016-12-31 00:00:00+00:00;-17.846153846153847;-18.060153770387704
2017-01-01 00:00:00+00:00;-16.846153846153847;-17.070717351762248
2017-01-02 00:00:00+00:00;-19.307692307692307;-19.543247147088483
2017-01-03 00:00:00+00:00;-23.692307692307693;-23.939293522277136
2017-01-04 00:00:00+00:00;-21.153846153846153;-21.412714578389156
2017-01-05 00:00:00+00:00;-14.76923076923077;-15.040445364688049
2017-01-06 00:00:00+00:00;-11.923076923076923;-12.207113244648161
2017-01-07 00:00:00+00:00;-16.153846153846153;-16.451191722612908
2017-01-08 00:00:00+00:00;-21.384615384615383;-21.695769654184208
2017-01-09 00:00:00+00:00;-28.692307692307693;-29.0177819941964
2017-01-10 00:00:00+00:00;-27.923076923076923;-28.263394389977016
2017-01-11 00:00:00+00:00;-25.076923076923077;-25.432618542984493
2017-01-12 00:00:00+00:00;-17.307692307692307;-17.679312184992753
2017-01-13 00:00:00+00:00;-15.076923076923077;-15.465025207303752
2017-01-14 00:00:00+00:00;-22.0;-22.405153481472023
2017-01-15 00:00:00+00:00;-22.923076923076923;-23.34586191002898
2017-01-16 00:00:00+00:00;-23.153846153846153;-23.594853630313203
2017-01-17 00:00:00+00:00;-18.692307692307693;-19.152139217593547
2017-01-18 00:00:00+00:00;-8.538461538461538;-9.017728964444458
2017-01-20 00:00:00+00:00;-17.46153846153846;-17.98155282710196
2017-01-21 00:00:00+00:00;-25.384615384615383;-25.92595969731928
2017-01-22 00:00:00+00:00;-17.0;-17.563323867595653
2017-01-23 00:00:00+00:00;-12.307692307692308;-12.893653771796266
2017-01-24 00:00:00+00:00;-17.23076923076923;-17.84003430266585
2017-01-25 00:00:00+00:00;-7.615384615384615;-8.248626780133316
2017-01-26 00:00:00+00:00;-9.153846153846153;-9.81174584244106
2017-01-27 00:00:00+00:00;-8.23076923076923;-8.914013260166758
2017-01-28 00:00:00+00:00;-12.384615384615385;-13.093896365516445
2017-01-29 00:00:00+00:00;-13.307692307692308;-14.043708020039958
2017-01-30 00:00:00+00:00;-15.23076923076923;-15.99422196699981
2017-01-31 00:00:00+00:00;-22.384615384615383;-23.176211260781244
2017-02-01 00:00:00+00:00;-24.76923076923077;-25.589679004195457
2017-02-02 00:00:00+00:00;-24.46153846153846;-25.311550624530557
2017-02-03 00:00:00+00:00;-26.53846153846154;-27.418750765361033
2017-02-04 00:00:00+00:00;-29.76923076923077;-30.680510948051673
2017-02-05 00:00:00+00:00;-27.384615384615383;-28.32760031074009
2017-02-06 00:00:00+00:00;-22.46153846153846;-23.436940963352885
2017-02-07 00:00:00+00:00;-23.076923076923077;-24.085454112596494
2017-02-08 00:00:00+00:00;-23.923076923076923;-24.965444649326766
2017-02-09 00:00:00+00:00;-24.076923076923077;-25.15383189070193
2017-02-10 00:00:00+00:00;-27.692307692307693;-28.804457246447637
2017-02-11 00:00:00+00:00;-25.923076923076923;-27.07116111702444
2017-02-12 00:00:00+00:00;-26.46153846153846;-27.646244408411427
2017-02-13 00:00:00+00:00;-21.153846153846153;-22.375853125142257
2017-02-14 00:00:00+00:00;-19.46153846153846;-20.721516810921898
2017-02-15 00:00:00+00:00;-17.615384615384617;-18.91399468307423
2017-02-16 00:00:00+00:00;-18.384615384615383;-19.72250638399258
2017-02-17 00:00:00+00:00;-17.923076923076923;-19.30088581122534
2017-02-18 00:00:00+00:00;-16.53846153846154;-17.956811872441875
2017-02-20 00:00:00+00:00;-14.076923076923077;-15.578167582778372
2017-02-21 00:00:00+00:00;-18.76923076923077;-20.31279538108823
2017-02-22 00:00:00+00:00;-23.46153846153846;-25.047981481859598
2017-02-23 00:00:00+00:00;-22.153846153846153;-23.783706621678725
2017-02-24 00:00:00+00:00;-18.923076923076923;-20.596873427402347
2017-02-25 00:00:00+00:00;-15.846153846153847;-17.564383339916724
2017-02-26 00:00:00+00:00;-14.0;-15.763136617241614
2017-02-27 00:00:00+00:00;-11.538461538461538;-13.346955417036854
2017-02-28 00:00:00+00:00;-22.153846153846153;-24.008122266256095
2017-03-01 00:00:00+00:00;-23.692307692307693;-25.59276468722493
2017-03-02 00:00:00+00:00;-26.923076923076923;-28.87008598018362
2017-03-03 00:00:00+00:00;-22.923076923076923;-24.916980623866962
2017-03-04 00:00:00+00:00;-24.615384615384617;-26.656495832609924
2017-03-05 00:00:00+00:00;-18.153846153846153;-20.24244696230721
2017-03-06 00:00:00+00:00;-14.615384615384615;-16.75172522677837
2017-03-07 00:00:00+00:00;-15.538461538461538;-17.722759263005777
2017-03-08 00:00:00+00:00;-5.538461538461538;-7.7708997760130325
2017-03-09 00:00:00+00:00;-3.6923076923076925;-5.9730349556819755
2017-03-10 00:00:00+00:00;-15.692307692307692;-18.021436665490963
2017-03-11 00:00:00+00:00;-20.846153846153847;-23.22376048007215
2017-03-12 00:00:00+00:00;-19.384615384615383;-21.81073803309281
2017-03-13 00:00:00+00:00;-15.153846153846153;-17.628484752342157
2017-03-14 00:00:00+00:00;-11.0;-13.523115289666185
2017-03-15 00:00:00+00:00;-13.23076923076923;-15.8022820303079
2017-03-16 00:00:00+00:00;-13.846153846153847;-16.4659443738945
2017-03-17 00:00:00+00:00;-14.23076923076923;-16.89867647930477
2017-03-18 00:00:00+00:00;-15.076923076923077;-17.79274424256515
2017-03-20 00:00:00+00:00;-1.6153846153846154;-4.426255510326855
2017-03-21 00:00:00+00:00;-14.384615384615385;-17.242536169608634
2017-03-22 00:00:00+00:00;-15.692307692307692;-18.59690384327911
2017-03-23 00:00:00+00:00;-16.615384615384617;-19.566237853868653
2017-03-24 00:00:00+00:00;-15.076923076923077;-18.073571170285252
2017-03-25 00:00:00+00:00;-17.23076923076923;-20.2727058601126
2017-03-26 00:00:00+00:00;-16.083333333333332;-19.17000803041771
2017-03-27 00:00:00+00:00;-12.583333333333334;-15.714151487691215
2017-03-28 00:00:00+00:00;-14.416666666666666;-17.59098960394798
2017-03-29 00:00:00+00:00;-9.833333333333334;-13.050478465754201
2017-03-30 00:00:00+00:00;-8.0;-11.259241049609036
2017-03-31 00:00:00+00:00;-6.916666666666667;-10.217233961976238
2017-04-01 00:00:00+00:00;-11.75;-15.091080846360223
2017-04-02 00:00:00+00:00;-13.416666666666666;-16.797405790586712
2017-04-03 00:00:00+00:00;-7.916666666666667;-11.33616673411199
2017-04-04 00:00:00+00:00;-3.75;-7.207322208516001
2017-04-05 00:00:00+00:00;1.0;-2.494164744332624
2017-04-06 00:00:00+00:00;3.3333333333333335;-0.19665427736935373
2017-04-07 00:00:00+00:00;1.5;-2.064751554334728
2017-04-08 00:00:00+00:00;1.0;-2.5984182042584
2017-04-09 00:00:00+00:00;-1.8333333333333333;-5.464283475522699
2017-04-10 00:00:00+00:00;-9.8;-13.462310971659003
2017-04-11 00:00:00+00:00;-9.636363636363637;-13.328829022094235
2017-04-12 00:00:00+00:00;-12.0;-15.721379233126136
2017-04-13 00:00:00+00:00;-11.125;-14.874019582590583
2017-04-14 00:00:00+00:00;-13.8;-17.575354785324105
2017-04-15 00:00:00+00:00;-14.333333333333334;-18.13368786865016
2017-04-16 00:00:00+00:00;-11.0;-14.823989927425137
2017-04-17 00:00:00+00:00;-11.6;-15.44623351303402
2017-04-18 00:00:00+00:00;-8.714285714285714;-12.581345067441047
2017-04-20 00:00:00+00:00;-8.5;-12.404361888615732
2017-04-21 00:00:00+00:00;-3.3;-7.2207946932747165
2017-04-22 00:00:00+00:00;0.2;-3.735722057132125
2017-04-23 00:00:00+00:00;-9.333333333333334;-13.282459619731826
2017-04-24 00:00:00+00:00;-7.777777777777778;-11.73876923188404
2017-04-25 00:00:00+00:00;-8.1;-12.071303431645248
2017-04-26 00:00:00+00:00;-9.3;-13.28004991679801
2017-04-27 00:00:00+00:00;-7.818181818181818;-11.805402276379077
2017-04-28 00:00:00+00:00;-0.75;-4.7428064761372415
2017-04-29 00:00:00+00:00;-7.32;-11.316801279681084
2017-04-30 00:00:00+00:00;-7.055555555555555;-11.054755635571892
2017-05-01 00:00:00+00:00;-8.416666666666666;-12.41666666668811
2017-05-02 00:00:00+00:00;-6.833333333333333;-10.832533413349669
2017-05-03 00:00:00+00:00;-5.666666666666667;-9.66346794634775
2017-05-04 00:00:00+00:00;-1.4444444444444444;-5.437250920581686
2017-05-05 00:00:00+00:00;-3.611111111111111;-7.59833156930837
2017-05-06 00:00:00+00:00;-3.0;-6.980049916798009
2017-05-07 00:00:00+00:00;-4.833333333333333;-8.804636764978582
2017-05-08 00:00:00+00:00;2.6944444444444446;-1.2665470096618192
2017-05-09 00:00:00+00:00;10.13888888888889;6.189762602490396
2017-05-10 00:00:00+00:00;11.416666666666666;7.480944609534541
2017-05-11 00:00:00+00:00;9.0;5.0792053067252825
2017-05-12 00:00:00+00:00;9.472222222222221;5.5678603336064905
2017-05-13 00:00:00+00:00;9.083333333333334;5.196890264514965
2017-05-14 00:00:00+00:00;1.9166666666666667;-1.950392686488666
2017-05-15 00:00:00+00:00;1.25;-2.596233513034021
2017-05-16 00:00:00+00:00;2.3055555555555554;-1.5184343718695814
2017-05-17 00:00:00+00:00;3.75;-0.05035453531682561
2017-05-18 00:00:00+00:00;0.0;-3.7753547853241063
2017-05-20 00:00:00+00:00;2.638888888888889;-1.082490344237248
2017-05-21 00:00:00+00:00;1.3333333333333333;-2.3591320523972628
2017-05-22 00:00:00+00:00;-1.5833333333333333;-5.245644304992334
2017-05-23 00:00:00+00:00;-1.5833333333333333;-5.2142834755227
2017-05-24 00:00:00+00:00;3.235294117647059;-0.3631240866113413
2017-05-25 00:00:00+00:00;8.166666666666666;4.601915112331938
2017-05-26 00:00:00+00:00;9.083333333333334;5.553345722630647
2017-05-27 00:00:00+00:00;8.666666666666666;5.1725019223340425
2017-05-28 00:00:00+00:00;7.5;4.042677791483999
2017-05-29 00:00:00+00:00;10.833333333333334;7.4138332658880115
2017-05-30 00:00:00+00:00;10.333333333333334;6.952594209413288
2017-05-31 00:00:00+00:00;17.166666666666668;13.825585820306443
2017-06-01 00:00:00+00:00;12.583333333333334;9.282766038023764
2017-06-02 00:00:00+00:00;2.8333333333333335;-0.42590771627570284
2017-06-03 00:00:00+00:00;1.40625;-1.810895132420869
2017-06-04 00:00:00+00:00;5.583333333333333;2.4090103960520235
2017-06-05 00:00:00+00:00;14.75;11.61918184564212
2017-06-06 00:00:00+00:00;4.333333333333333;1.2466586362489547
2017-06-07 00:00:00+00:00;7.25;4.208063370656631
2017-06-08 00:00:00+00:00;3.25;0.2533519066378254
2017-06-09 00:00:00+00:00;2.5;-0.4508532384840355
2017-06-10 00:00:00+00:00;1.78125;-1.1233461509714204
2017-06-11 00:00:00+00:00;3.71875;0.8608292150067487
2017-06-12 00:00:00+00:00;6.25;3.439129105057761
2017-06-13 00:00:00+00:00;5.083333333333333;2.319843364110731
2017-06-14 00:00:00+00:00;9.083333333333334;6.3675121676912605
2017-06-15 00:00:00+00:00;13.083333333333334;10.415426084797794
2017-06-16 00:00:00+00:00;9.916666666666666;7.29687613892601
2017-06-17 00:00:00+00:00;6.777777777777778;4.206264978239107
2017-06-18 00:00:00+00:00;7.0;4.476884710333815
2017-06-20 00:00:00+00:00;15.75;13.323877351522574
2017-06-21 00:00:00+00:00;6.25;3.872393366081696
2017-06-22 00:00:00+00:00;11.25;8.92087102681673
2017-06-23 00:00:00+00:00;6.666666666666667;4.385939403292384
2017-06-24 00:00:00+00:00;4.333333333333333;2.100895095781839
2017-06-25 00:00:00+00:00;2.3333333333333335;0.14903560878909583
2017-06-26 00:00:00+00:00;4.166666666666667;2.0303260552729125
2017-06-27 00:00:00+00:00;7.333333333333333;5.244732524872276
2017-06-28 00:00:00+00:00;11.166666666666666;9.125555449441357
2017-06-29 00:00:00+00:00;13.916666666666666;11.922762965876627
2017-06-30 00:00:00+00:00;14.472222222222221;12.525213165115526
2017-07-01 00:00:00+00:00;15.384615384615385;13.48415838969815
2017-07-02 00:00:00+00:00;11.538461538461538;9.684185426051595
2017-07-03 00:00:00+00:00;10.846153846153847;9.03765996757853
2017-07-04 00:00:00+00:00;12.76923076923077;11.006094151989156
2017-07-05 00:00:00+00:00;13.461538461538462;11.743308967775585
2017-07-06 00:00:00+00:00;10.76923076923077;9.095434264905348
2017-07-07 00:00:00+00:00;9.923076923076923;8.293216455244348
2017-07-08 00:00:00+00:00;7.384615384615385;5.7981723642942455
2017-07-09 00:00:00+00:00;11.846153846153847;10.302589234296388
2017-07-10 00:00:00+00:00;16.23076923076923;14.729524724913935
2017-07-11 00:00:00+00:00;9.461538461538462;8.002037680785726
2017-07-12 00:00:00+00:00;12.23076923076923;10.812418896788898
2017-07-13 00:00:00+00:00;8.692307692307692;7.314498804159275
2017-07-14 00:00:00+00:00;8.384615384615385;7.046724385238187
2017-07-15 00:00:00+00:00;6.384615384615385;5.086005316925774
2017-07-16 00:00:00+00:00;9.461538461538462;8.201560112155024
2017-07-17 00:00:00+00:00;16.0;14.777993028703898
2017-07-18 00:00:00+00:00;6.923076923076923;5.738370976203958
2017-07-19 00:00:00+00:00;10.461538461538462;9.31345426759094
2017-07-20 00:00:00+00:00;12.0;10.887850445860055
2017-07-21 00:00:00+00:00;5.333333333333333;4.256424519554479
2017-07-22 00:00:00+00:00;8.461538461538462;7.4191707352886205
2017-07-23 00:00:00+00:00;12.076923076923077;11.06839204124966
2017-07-24 00:00:00+00:00;18.46153846153846;17.486135959724034
2017-07-25 00:00:00+00:00;13.76923076923077;12.826245843106062
2017-07-26 00:00:00+00:00;14.461538461538462;13.550258282717559
2017-07-27 00:00:00+00:00;5.769230769230769;4.888941542331276
2017-07-28 00:00:00+00:00;12.0;11.149987837007904
2017-07-29 00:00:00+00:00;16.0;15.179551765035312
2017-07-30 00:00:00+00:00;13.307692307692308;12.516096431526448
2017-07-31 00:00:00+00:00;8.76923076923077;8.00577803300019
2017-08-01 00:00:00+00:00;8.76923076923077;8.03321505688312
2017-08-02 00:00:00+00:00;8.538461538461538;7.829180557560478
2017-08-03 00:00:00+00:00;13.615384615384615;12.932140585987087
2017-08-04 00:00:00+00:00;10.23076923076923;9.572869542174324
2017-08-05 00:00:00+00:00;5.461538461538462;4.828296296789762
2017-08-06 00:00:00+00:00;10.76923076923077;10.159965697334153
2017-08-07 00:00:00+00:00;16.0;15.414038535896042
2017-08-08 00:00:00+00:00;18.307692307692307;17.744368440096654
2017-08-09 00:00:00+00:00;12.384615384615385;11.843271071911488
2017-08-10 00:00:00+00:00;9.461538461538462;8.94152409597496
2017-08-11 00:00:00+00:00;8.076923076923077;7.577597917432566
2017-08-12 00:00:00+00:00;7.538461538461538;7.059194112478618
2017-08-13 00:00:00+00:00;7.923076923076923;7.46324539779107
2017-08-14 00:00:00+00:00;8.76923076923077;8.328223292763719
2017-08-15 00:00:00+00:00;12.846153846153847;12.42336885920179
2017-08-16 00:00:00+00:00;11.307692307692308;10.902538826220285
2017-08-17 00:00:00+00:00;12.153846153846153;11.765744023465478
2017-08-18 00:00:00+00:00;10.76923076923077;10.397610891930322
2017-08-19 00:00:00+00:00;9.538461538461538;9.182766072400124
2017-08-20 00:00:00+00:00;12.307692307692308;11.967374840792214
2017-08-21 00:00:00+00:00;11.23076923076923;10.905294928880524
2017-08-22 00:00:00+00:00;9.76923076923077;9.458076499661946
2017-08-23 00:00:00+00:00;9.307692307692308;9.010346738925556
2017-08-24 00:00:00+00:00;9.692307692307692;9.408271370736454
2017-08-25 00:00:00+00:00;13.846153846153847;13.574939250696568
2017-08-26 00:00:00+00:00;18.153846153846153;17.89497772930315
2017-08-27 00:00:00+00:00;16.76923076923077;16.522244939261327
2017-08-28 00:00:00+00:00;15.307692307692308;15.072137468296132
2017-08-29 00:00:00+00:00;5.923076923076923;5.698513417468523
2017-08-30 00:00:00+00:00;4.538461538461538;4.324461614227682
2017-08-31 00:00:00+00:00;7.230769230769231;7.026916980198686
2017-09-01 00:00:00+00:00;11.307692307692308;11.11358359216363
2017-09-02 00:00:00+00:00;12.923076923076923;12.738319282384303
2017-09-03 00:00:00+00:00;13.384615384615385;13.208827932104532
2017-09-04 00:00:00+00:00;8.153846153846153;7.986659458222093
2017-09-05 00:00:00+00:00;5.615384615384615;5.456440570041203
2017-09-06 00:00:00+00:00;6.615384615384615;6.464336296091627
2017-09-07 00:00:00+00:00;6.3076923076923075;6.164203819460318
2017-09-08 00:00:00+00:00;9.0;8.863746313926011
2017-09-09 00:00:00+00:00;14.461538461538462;14.33220524241655
2017-09-10 00:00:00+00:00;6.3076923076923075;6.1849757331534585
2017-09-11 00:00:00+00:00;6.230769230769231;6.1143758026933215
2017-09-12 00:00:00+00:00;10.692307692307692;10.581954041228135
2017-09-13 00:00:00+00:00;5.076923076923077;4.972335760121339
2017-09-14 00:00:00+00:00;4.615384615384615;4.516299909347588
2017-09-15 00:00:00+00:00;4.615384615384615;4.521548303272845
2017-09-16 00:00:00+00:00;6.25;6.161167154749179
2017-09-17 00:00:00+00:00;7.769230769230769;7.685165532882738
2017-09-18 00:00:00+00:00;8.846153846153847;8.766629205986794
2017-09-19 00:00:00+00:00;8.153846153846153;8.078643715846752
2017-09-20 00:00:00+00:00;4.3076923076923075;4.236602067885408
2017-09-21 00:00:00+00:00;4.6923076923076925;4.625127806431862
2017-09-22 00:00:00+00:00;4.6923076923076925;4.6288442442974995
2017-09-23 00:00:00+00:00;4.6923076923076925;4.632374462016322
2017-09-24 00:00:00+00:00;2.230769230769231;2.174187461337688
2017-09-25 00:00:00+00:00;1.8461538461538463;1.7927520114059408
2017-09-26 00:00:00+00:00;1.3076923076923077;1.257305879907718
2017-09-27 00:00:00+00:00;1.9230769230769231;1.8755481414680562
2017-09-28 00:00:00+00:00;4.0;3.9551776401921424
2017-09-29 00:00:00+00:00;0.6153846153846154;0.5731237601730358
2017-09-30 00:00:00+00:00;3.4615384615384617;3.421700273170778
2017-10-01 00:00:00+00:00;2.0;1.9624514942072446
2017-10-02 00:00:00+00:00;2.5384615384615383;2.5030753604370566
2017-10-03 00:00:00+00:00;3.5384615384615383;3.505115740963114
2017-10-04 00:00:00+00:00;1.3076923076923077;1.2762701314198066
2017-10-05 00:00:00+00:00;0.38461538461538464;0.35500504099373575
2017-10-06 00:00:00+00:00;1.3076923076923077;1.2797867641678629
2017-10-07 00:00:00+00:00;0.46153846153846156;0.4352352294756874
2017-10-08 00:00:00+00:00;0.0;-0.024799074754906232
2017-10-09 00:00:00+00:00;2.076923076923077;2.053534133081477
2017-10-10 00:00:00+00:00;4.0;3.9779310844558915
2017-10-11 00:00:00+00:00;2.769230769230769;2.748395501918593
2017-10-12 00:00:00+00:00;0.07692307692307693;0.057238601843726526
2017-10-13 00:00:00+00:00;1.9230769230769231;1.9044637125347808
2017-10-14 00:00:00+00:00;3.0;2.9823816615212317
2017-10-15 00:00:00+00:00;1.0;0.9833030858775844
2017-10-16 00:00:00+00:00;0.38461538461538464;0.3687692040122113
2017-10-17 00:00:00+00:00;-2.0;-2.015063566471956
2017-10-18 00:00:00+00:00;-1.3846153846153846;-1.3989620679343449
2017-10-19 00:00:00+00:00;0.0;-0.013693323498372895
2017-10-20 00:00:00+00:00;-2.076923076923077;-2.090024534893346
2017-10-21 00:00:00+00:00;-2.3076923076923075;-2.320261541962124
2017-10-22 00:00:00+00:00;1.2307692307692308;1.2186742561561097
2017-10-23 00:00:00+00:00;6.090909090909091;6.079231916760837
2017-10-24 00:00:00+00:00;0.38461538461538464;0.3733008852561908
2017-10-25 00:00:00+00:00;-1.3076923076923077;-1.3186980943219708
2017-10-26 00:00:00+00:00;-3.4615384615384617;-3.472288502511472
2017-10-27 00:00:00+00:00;-3.769230769230769;-3.779777204164318
2017-10-28 00:00:00+00:00;-4.230769230769231;-4.2411635384332005
2017-10-29 00:00:00+00:00;-3.0;-3.010293164182659
2017-10-30 00:00:00+00:00;-2.8461538461538463;-2.856396520967856
2017-10-31 00:00:00+00:00;-3.5384615384615383;-3.548704213275548
2017-11-01 00:00:00+00:00;-6.6923076923076925;-6.702600856490352
2017-11-02 00:00:00+00:00;-8.0;-8.010394307663969
2017-11-03 00:00:00+00:00;-8.461538461538462;-8.47208489647201
2017-11-04 00:00:00+00:00;-6.615384615384615;-6.626134656357625
2017-11-05 00:00:00+00:00;-6.3076923076923075;-6.318698094321971
2017-11-06 00:00:00+00:00;-5.461538461538462;-5.472852960897655
2017-11-07 00:00:00+00:00;-5.7272727272727275;-5.738949901420981
2017-11-08 00:00:00+00:00;-7.769230769230769;-7.78132574384389
2017-11-09 00:00:00+00:00;-7.923076923076923;-7.935646157346739
2017-11-10 00:00:00+00:00;-8.307692307692308;-8.320793765662577
2017-11-11 00:00:00+00:00;-8.23076923076923;-8.244462554267603
2017-11-12 00:00:00+00:00;-5.769230769230769;-5.783577452549729
2017-11-13 00:00:00+00:00;-8.615384615384615;-8.630448181856572
2017-11-14 00:00:00+00:00;-8.307692307692308;-8.323538488295481
2017-11-15 00:00:00+00:00;-7.846153846153846;-7.862850760276261
2017-11-16 00:00:00+00:00;-10.461538461538462;-10.479156800017229
2017-11-17 00:00:00+00:00;-12.23076923076923;-12.249382441311372
2017-11-18 00:00:00+00:00;-7.384615384615385;-7.404299859694736
2017-11-19 00:00:00+00:00;-1.3076923076923077;-1.3285275750044838
2017-11-20 00:00:00+00:00;0.0;-0.02206891554410875
2017-11-21 00:00:00+00:00;-0.8461538461538461;-0.8695427899954464
2017-11-22 00:00:00+00:00;-7.230769230769231;-7.255568305524137
2017-11-23 00:00:00+00:00;-6.923076923076923;-6.949380155139697
2017-11-24 00:00:00+00:00;-8.692307692307692;-8.720213235832135
2017-11-25 00:00:00+00:00;-7.75;-7.779610343621649
2017-11-26 00:00:00+00:00;-10.307692307692308;-10.33911448396481
2017-11-27 00:00:00+00:00;-8.538461538461538;-8.571807335959964
2017-11-28 00:00:00+00:00;-8.923076923076923;-8.958463101101405
2017-11-29 00:00:00+00:00;-7.769230769230769;-7.8067792750235245
2017-11-30 00:00:00+00:00;-7.0;-7.039838188367683
2017-12-01 00:00:00+00:00;-11.333333333333334;-11.375594188544913
2017-12-02 00:00:00+00:00;-9.846153846153847;-9.890976205961705
2017-12-03 00:00:00+00:00;-11.0;-11.047528781608866
2017-12-04 00:00:00+00:00;-6.833333333333333;-6.883719761117923
2017-12-05 00:00:00+00:00;-10.923076923076923;-10.976478757824829
2017-12-06 00:00:00+00:00;-2.8461538461538463;-2.902735615585389
2017-12-07 00:00:00+00:00;-2.375;-2.434933230291371
2017-12-08 00:00:00+00:00;-6.8;-6.863463448010193
2017-12-09 00:00:00+00:00;-11.0;-11.067179885875833
2017-12-10 00:00:00+00:00;-13.2;-13.271090239806899
2017-12-11 00:00:00+00:00;-13.0;-13.075202437999401
2017-12-12 00:00:00+00:00;-13.4;-13.479524640167053
2017-12-13 00:00:00+00:00;-15.307692307692308;-15.391757544040338
2017-12-14 00:00:00+00:00;-15.384615384615385;-15.473448229866207
2017-12-15 00:00:00+00:00;-9.23076923076923;-9.324605542881
2017-12-16 00:00:00+00:00;-8.8;-8.899084706037028
2017-12-17 00:00:00+00:00;-16.22222222222222;-16.326809539023962
2017-12-18 00:00:00+00:00;-16.666666666666668;-16.777020317746224
2017-12-19 00:00:00+00:00;-16.0;-16.11639342807591
2017-12-20 00:00:00+00:00;-18.46153846153846;-18.58425503607731
2017-12-21 00:00:00+00:00;-15.75;-15.879333219121913
2017-12-22 00:00:00+00:00;-24.153846153846153;-24.290099839920142
2017-12-23 00:00:00+00:00;-18.53846153846154;-18.681950026693528
2017-12-24 00:00:00+00:00;-16.90909090909091;-17.0601392283839
2017-12-25 00:00:00+00:00;-18.4;-18.558944045343413
2017-12-26 00:00:00+00:00;-18.846153846153847;-19.013340541777907
2017-12-27 00:00:00+00:00;-17.0;-17.175787452510853
2017-12-28 00:00:00+00:00;-19.46153846153846;-19.64629610223108
2017-12-29 00:00:00+00:00;-24.0;-24.194108715528678
2017-12-30 00:00:00+00:00;-25.923076923076923;-26.12692917364747
2017-12-31 00:00:00+00:00;-26.0;-26.213999924233857
2018-01-01 00:00:00+00:00;-26.46153846153846;-26.68610196714686
2018-01-02 00:00:00+00:00;-29.428571428571427;-29.664126267967603
2018-01-03 00:00:00+00:00;-30.56;-30.80698582996944
2018-01-04 00:00:00+00:00;-28.666666666666668;-28.92553509120967
2018-01-05 00:00:00+00:00;-28.63157894736842;-28.9027935428257
2018-01-06 00:00:00+00:00;-22.076923076923077;-22.360959398494312
2018-01-07 00:00:00+00:00;-21.76923076923077;-22.066576337997525
2018-01-08 00:00:00+00:00;-19.76923076923077;-20.080385038799594
2018-01-09 00:00:00+00:00;-18.95;-19.275474301888707
2018-01-10 00:00:00+00:00;-25.428571428571427;-25.76888889547152
2018-01-11 00:00:00+00:00;-28.0;-28.355695466061412
2018-01-12 00:00:00+00:00;-29.941176470588236;-30.312796347888682
2018-01-13 00:00:00+00:00;-26.761904761904763;-27.15000689228544
2018-01-14 00:00:00+00:00;-24.846153846153847;-25.25130732762587
2018-01-15 00:00:00+00:00;-23.307692307692307;-23.730477294644363
2018-01-16 00:00:00+00:00;-25.46153846153846;-25.90254593800551
2018-01-17 00:00:00+00:00;-28.53846153846154;-28.998293063747393
2018-01-18 00:00:00+00:00;-23.923076923076923;-24.402344349059845
2018-01-19 00:00:00+00:00;-22.153846153846153;-22.653171313336664
2018-01-20 00:00:00+00:00;-19.23076923076923;-19.75078359633273
2018-01-21 00:00:00+00:00;-18.923076923076923;-19.46442123578082
2018-01-22 00:00:00+00:00;-23.846153846153847;-24.4094777137495
2018-01-23 00:00:00+00:00;-24.076923076923077;-24.662884541027033
2018-01-24 00:00:00+00:00;-22.153846153846153;-22.763111225742772
2018-01-25 00:00:00+00:00;-25.46153846153846;-26.09478062628716
2018-01-26 00:00:00+00:00;-22.307692307692307;-22.965591996287213
2018-01-27 00:00:00+00:00;-20.692307692307693;-21.37555172170522
2018-01-28 00:00:00+00:00;-21.615384615384617;-22.324665596285676
2018-01-29 00:00:00+00:00;-23.615384615384617;-24.351400327732268
2018-01-30 00:00:00+00:00;-24.153846153846153;-24.917298890076733
2018-01-31 00:00:00+00:00;-26.076923076923077;-26.868518953088937
2018-02-01 00:00:00+00:00;-27.846153846153847;-28.666602081118533
2018-02-02 00:00:00+00:00;-30.384615384615383;-31.23462754760748
2018-02-03 00:00:00+00:00;-32.15384615384615;-33.034135380745646
2018-02-04 00:00:00+00:00;-30.307692307692307;-31.21897248651321
2018-02-05 00:00:00+00:00;-25.0;-25.94298492612471
2018-02-06 00:00:00+00:00;-32.46153846153846;-33.43694096335288
2018-02-07 00:00:00+00:00;-30.153846153846153;-31.16237718951957
2018-02-08 00:00:00+00:00;-32.38461538461539;-33.42698311086523
2018-02-09 00:00:00+00:00;-33.07692307692308;-34.15383189070194
2018-02-10 00:00:00+00:00;-29.23076923076923;-30.342918784909173
2018-02-11 00:00:00+00:00;-30.307692307692307;-31.455776501639825
2018-02-12 00:00:00+00:00;-32.92307692307692;-34.10778286994989
2018-02-13 00:00:00+00:00;-28.923076923076923;-30.145083894373027
2018-02-14 00:00:00+00:00;-24.307692307692307;-25.567670657075745
2018-02-15 00:00:00+00:00;-29.23076923076923;-30.529379298458842
2018-02-16 00:00:00+00:00;-28.846153846153847;-30.184044845531044
2018-02-17 00:00:00+00:00;-30.615384615384617;-31.993193503533032
2018-02-18 00:00:00+00:00;-22.076923076923077;-23.495273410903412
2018-02-19 00:00:00+00:00;-32.76923076923077;-34.2287315499835
2018-02-20 00:00:00+00:00;-25.923076923076923;-27.42432142893222
2018-02-21 00:00:00+00:00;-25.076923076923077;-26.620487688780536
2018-02-22 00:00:00+00:00;-25.23076923076923;-26.817212251090368
2018-02-23 00:00:00+00:00;-20.384615384615383;-22.01447585244796
2018-02-24 00:00:00+00:00;-23.076923076923077;-24.7507195812485
2018-02-25 00:00:00+00:00;-15.153846153846153;-16.87207564760903
2018-02-26 00:00:00+00:00;-11.846153846153847;-13.60929046339546
2018-02-27 00:00:00+00:00;-13.0;-14.808493878575316
2018-02-28 00:00:00+00:00;-11.153846153846153;-13.008122266256096
2018-03-01 00:00:00+00:00;-13.23076923076923;-15.131226225686465
2018-03-02 00:00:00+00:00;-13.153846153846153;-15.10085521095285
2018-03-03 00:00:00+00:00;-9.923076923076923;-11.91698062386696
2018-03-04 00:00:00+00:00;-12.461538461538462;-14.502649678763769
2018-03-05 00:00:00+00:00;-10.615384615384615;-12.70398542384567
2018-03-06 00:00:00+00:00;-10.923076923076923;-13.059417534470677
2018-03-07 00:00:00+00:00;-9.615384615384615;-11.79968233992885
2018-03-08 00:00:00+00:00;-6.769230769230769;-9.001669006782262
2018-03-09 00:00:00+00:00;-5.769230769230769;-8.04995803260505
2018-03-10 00:00:00+00:00;-7.6923076923076925;-10.02143666549096
2018-03-11 00:00:00+00:00;-9.0;-11.377606633918301
2018-03-12 00:00:00+00:00;-9.076923076923077;-11.5030457254005
2018-03-13 00:00:00+00:00;-11.23076923076923;-13.70540782926523
2018-03-14 00:00:00+00:00;-11.615384615384615;-14.138499905050793
2018-03-15 00:00:00+00:00;-20.53846153846154;-23.109974338000203
2018-03-16 00:00:00+00:00;-20.692307692307693;-23.31209822004834
2018-03-17 00:00:00+00:00;-11.384615384615385;-14.052522633150915
2018-03-18 00:00:00+00:00;-7.461538461538462;-10.177359627180522
2018-03-19 00:00:00+00:00;-7.615384615384615;-10.378874584607203
2018-03-20 00:00:00+00:00;-12.615384615384615;-15.426255510326838
2018-03-21 00:00:00+00:00;-8.23076923076923;-11.088690015762461
2018-03-22 00:00:00+00:00;-13.461538461538462;-16.36613461250986
2018-03-23 00:00:00+00:00;-16.153846153846153;-19.10469939233016
2018-03-24 00:00:00+00:00;-14.615384615384615;-17.61203270874676
2018-03-25 00:00:00+00:00;-9.23076923076923;-12.272705860112563
2018-03-26 00:00:00+00:00;-5.3076923076923075;-8.394367004776642
2018-03-27 00:00:00+00:00;-12.538461538461538;-15.669279692819368
2018-03-28 00:00:00+00:00;-12.461538461538462;-15.635861398819712
2018-03-29 00:00:00+00:00;-7.846153846153846;-11.063298978574645
2018-03-30 00:00:00+00:00;-14.923076923076923;-18.18231797268588
2018-03-31 00:00:00+00:00;-16.76923076923077;-20.069798064540244
2018-04-01 00:00:00+00:00;-17.307692307692307;-20.648773154052417
2018-04-02 00:00:00+00:00;-14.538461538461538;-17.919200662381453
2018-04-03 00:00:00+00:00;-14.846153846153847;-18.265653913599014
2018-04-04 00:00:00+00:00;-8.0;-11.457322208515823
2018-04-05 00:00:00+00:00;-2.0;-5.494164744332414
2018-04-06 00:00:00+00:00;-1.3076923076923077;-4.837679918394748
2018-04-07 00:00:00+00:00;-4.538461538461538;-8.10321309279598
2018-04-08 00:00:00+00:00;-5.461538461538462;-9.059956665796527
2018-04-09 00:00:00+00:00;-8.153846153846153;-11.784796296035127
2018-04-10 00:00:00+00:00;-12.692307692307692;-16.354618663966235
2018-04-11 00:00:00+00:00;-10.23076923076923;-13.923234616499293
2018-04-12 00:00:00+00:00;-5.846153846153846;-9.56753307927936
2018-04-13 00:00:00+00:00;-10.307692307692308;-14.056711890282164
2018-04-14 00:00:00+00:00;-9.538461538461538;-13.313816323784799
2018-04-15 00:00:00+00:00;-5.461538461538462;-9.261892996854302
2018-04-16 00:00:00+00:00;-4.076923076923077;-7.900913004347066
2018-04-17 00:00:00+00:00;-3.6923076923076925;-7.538541205340378
2018-04-18 00:00:00+00:00;-5.384615384615385;-9.251674737769164
2018-04-19 00:00:00+00:00;-8.692307692307692;-12.578750761124255
2018-04-20 00:00:00+00:00;-2.4615384615384617;-6.365900350152093
2018-04-21 00:00:00+00:00;-1.5384615384615385;-5.459256231733814
2018-04-22 00:00:00+00:00;-3.5384615384615383;-7.474183595590828
2018-04-23 00:00:00+00:00;-5.076923076923077;-9.026049363318279
2018-04-24 00:00:00+00:00;-6.615384615384615;-10.576376069487058
2018-04-25 00:00:00+00:00;-7.6923076923076925;-11.66361112394851
2018-04-26 00:00:00+00:00;-8.23076923076923;-12.210819147562098
2018-04-27 00:00:00+00:00;-12.384615384615385;-16.371835842806682
2018-04-28 00:00:00+00:00;-11.846153846153847;-15.838960322284182
2018-04-29 00:00:00+00:00;-7.6923076923076925;-11.689108971980776
2018-04-30 00:00:00+00:00;-7.3076923076923075;-11.30689238769938
2018-05-01 00:00:00+00:00;-8.76923076923077;-12.769230769241492
2018-05-02 00:00:00+00:00;-8.0;-11.99920008000393
2018-05-03 00:00:00+00:00;-5.230769230769231;-9.227570510435967
2018-05-04 00:00:00+00:00;-2.3076923076923075;-6.300498783812964
2018-05-05 00:00:00+00:00;-5.153846153846154;-9.141066612024247
2018-05-06 00:00:00+00:00;-6.153846153846154;-10.133896070622026
2018-05-07 00:00:00+00:00;-7.153846153846154;-11.125149585465842
2018-05-08 00:00:00+00:00;-3.230769230769231;-7.191760684845991
2018-05-09 00:00:00+00:00;-5.6923076923076925;-9.641433978672147
2018-05-10 00:00:00+00:00;-5.625;-9.560722057092867
2018-05-11 00:00:00+00:00;-5.1875;-9.108294693229462
2018-05-12 00:00:00+00:00;-5.923076923076923;-9.827438811640505
2018-05-13 00:00:00+00:00;-5.615384615384615;-9.501827684142913
2018-05-14 00:00:00+00:00;-5.538461538461538;-9.405520891547704
2018-05-15 00:00:00+00:00;-4.6923076923076925;-8.538541205262106
2018-05-16 00:00:00+00:00;-2.1538461538461537;-5.977836081179701
2018-05-17 00:00:00+00:00;-0.7692307692307693;-4.5695853044422625
2018-05-18 00:00:00+00:00;-2.6923076923076925;-6.467662477510711
2018-05-19 00:00:00+00:00;-1.6153846153846154;-5.364404197836052
2018-05-20 00:00:00+00:00;1.0;-2.721379232966306
2018-05-21 00:00:00+00:00;2.3846153846153846;-1.3078500009316927
2018-05-22 00:00:00+00:00;-2.0;-5.662310971448369
2018-05-23 00:00:00+00:00;-1.4615384615384615;-5.0924886034861725
2018-05-24 00:00:00+00:00;0.15384615384615385;-3.4445720501351085
2018-05-25 00:00:00+00:00;-0.6923076923076923;-4.257059246324718
2018-05-26 00:00:00+00:00;-0.6153846153846154;-4.145372225723244
2018-05-27 00:00:00+00:00;2.076923076923077;-1.4172416669925347
2018-05-28 00:00:00+00:00;2.0;-1.4573222080385246
2018-05-29 00:00:00+00:00;0.8461538461538461;-2.5733462207449858
2018-05-30 00:00:00+00:00;5.384615384615385;2.0038762613205674
2018-05-31 00:00:00+00:00;1.3076923076923077;-2.033388537952893
2018-06-01 00:00:00+00:00;-0.7692307692307693;-4.069798063722949
2018-06-02 00:00:00+00:00;-0.6153846153846154;-3.8746256640596153
2018-06-03 00:00:00+00:00;0.38461538461538464;-2.8325297467385813
2018-06-04 00:00:00+00:00;-0.23076923076923078;-3.4050921668323575
2018-06-05 00:00:00+00:00;0.46153846153846156;-2.669279691429062
2018-06-06 00:00:00+00:00;0.9230769230769231;-2.163597772421225
2018-06-07 00:00:00+00:00;2.076923076923077;-0.9650135506113182
2018-06-08 00:00:00+00:00;2.6153846153846154;-0.38126347591538634
2018-06-09 00:00:00+00:00;2.6153846153846154;-0.33546862074954964
2018-06-10 00:00:00+00:00;8.384615384615385;5.480019236320599
2018-06-11 00:00:00+00:00;3.3846153846153846;0.526694602669751
2018-06-12 00:00:00+00:00;7.153846153846154;4.342975262372547
2018-06-13 00:00:00+00:00;9.307692307692308;6.544202342415934
2018-06-14 00:00:00+00:00;5.076923076923077;2.361101915768793
2018-06-15 00:00:00+00:00;10.23076923076923;7.562861987335321
2018-06-16 00:00:00+00:00;10.0;7.380209478056458
2018-06-17 00:00:00+00:00;12.307692307692308;9.736179514738414
2018-06-18 00:00:00+00:00;9.0;6.4768847178102815
2018-06-19 00:00:00+00:00;3.3076923076923075;0.8330537176818122
2018-06-20 00:00:00+00:00;3.3076923076923075;0.8815696688417693
2018-06-21 00:00:00+00:00;5.0;2.6223933769991215
2018-06-22 00:00:00+00:00;3.230769230769231;0.9016402699619741
2018-06-23 00:00:00+00:00;3.6153846153846154;1.3346573660341923
2018-06-24 00:00:00+00:00;6.769230769230769;4.536792547564035
2018-06-25 00:00:00+00:00;5.461538461538462;3.277240754979622
2018-06-26 00:00:00+00:00;4.3076923076923075;2.1713517166542373
2018-06-27 00:00:00+00:00;5.384615384615385;3.2960145991834637
2018-06-28 00:00:00+00:00;3.230769230769231;1.189658039587214
2018-06-29 00:00:00+00:00;4.538461538461538;2.544557867111673
2018-06-30 00:00:00+00:00;7.230769230769231;5.283760206929343
2018-07-01 00:00:00+00:00;13.384615384615385;11.484158427273949
2018-07-02 00:00:00+00:00;11.0;9.145723930016006
2018-07-03 00:00:00+00:00;5.3076923076923075;3.499198476999975
2018-07-04 00:00:00+00:00;12.307692307692308;10.54455574447101
2018-07-05 00:00:00+00:00;11.76923076923077;10.051001336387813
2018-07-06 00:00:00+00:00;11.692307692307692;10.01851125665555
2018-07-07 00:00:00+00:00;11.538461538461538;9.908601148011428
2018-07-08 00:00:00+00:00;10.923076923076923;9.336633989917063
2018-07-09 00:00:00+00:00;9.692307692307692;8.148743178586816
2018-07-10 00:00:00+00:00;4.076923076923077;2.5756786815174784
2018-07-11 00:00:00+00:00;13.153846153846153;11.694345497351437
2018-07-12 00:00:00+00:00;21.46153846153846;20.043188267294862
2018-07-13 00:00:00+00:00;22.923076923076923;21.54526819200929
2018-07-14 00:00:00+00:00;15.153846153846153;13.815955330975896
2018-07-15 00:00:00+00:00;4.923076923076923;3.6244670536435244
2018-07-16 00:00:00+00:00;4.230769230769231;2.9707911039821773
2018-07-17 00:00:00+00:00;4.3076923076923075;3.0856855862210866
2018-07-18 00:00:00+00:00;6.230769230769231;5.046063564168164
2018-07-19 00:00:00+00:00;5.6923076923076925;4.544223812664023
2018-07-20 00:00:00+00:00;15.307692307692308;14.195543105879532
2018-07-21 00:00:00+00:00;13.692307692307692;12.615399273321295
2018-07-22 00:00:00+00:00;11.461538461538462;10.419171177487705
2018-07-23 00:00:00+00:00;11.153846153846153;10.145315613272953
2018-07-24 00:00:00+00:00;10.384615384615385;9.409213436909287
2018-07-25 00:00:00+00:00;17.76923076923077;16.826246463007315
2018-07-26 00:00:00+00:00;9.846153846153847;8.93487436056181
2018-07-27 00:00:00+00:00;10.461538461538462;9.581250009559279
2018-07-28 00:00:00+00:00;20.307692307692307;19.457681010592218
2018-07-29 00:00:00+00:00;7.769230769230769;6.9487835014224615
2018-07-30 00:00:00+00:00;6.769230769230769;5.97763597289631
2018-07-31 00:00:00+00:00;10.0;9.236548468920478
2018-08-01 00:00:00+00:00;9.23076923076923;8.49475486289835
2018-08-02 00:00:00+00:00;12.76923076923077;12.059951287639585
2018-08-03 00:00:00+00:00;5.923076923076923;5.239834564984664
2018-08-04 00:00:00+00:00;11.384615384615385;10.726717558306765
2018-08-05 00:00:00+00:00;13.153846153846153;12.520606063358398
2018-08-06 00:00:00+00:00;6.0;5.390737237543032
2018-08-07 00:00:00+00:00;16.384615384615383;15.79865649076592
2018-08-08 00:00:00+00:00;12.692307692307692;12.128986684092325
2018-08-09 00:00:00+00:00;12.923076923076923;12.381735790130472
2018-08-10 00:00:00+00:00;10.307692307692308;9.787681476745703
2018-08-11 00:00:00+00:00;15.384615384615385;14.885294152632053
2018-08-12 00:00:00+00:00;12.538461538461538;12.059198474802514
2018-08-13 00:00:00+00:00;7.0;6.54017331805586
2018-08-14 00:00:00+00:00;5.923076923076923;5.4820748218589825
2018-08-15 00:00:00+00:00;11.23076923076923;10.807990207003275
2018-08-16 00:00:00+00:00;9.846153846153847;9.441006977466973
2018-08-17 00:00:00+00:00;5.615384615384615;5.227289815219467
2018-08-18 00:00:00+00:00;10.076923076923077;9.705311321854026
2018-08-19 00:00:00+00:00;9.846153846153847;9.490467376316301
2018-08-20 00:00:00+00:00;6.384615384615385;6.044307877992657
2018-08-21 00:00:00+00:00;8.23076923076923;7.905305952111129
2018-08-22 00:00:00+00:00;10.461538461538462;10.150396386712172
2018-08-23 00:00:00+00:00;9.923076923076923;9.625744839673764
2018-08-24 00:00:00+00:00;6.230769230769231;5.946747815810683
2018-08-25 00:00:00+00:00;5.461538461538462;5.19034033714147
2018-08-26 00:00:00+00:00;7.846153846153846;7.587303614028938
2018-08-27 00:00:00+00:00;5.384615384615385;5.137649640281668
2018-08-28 00:00:00+00:00;2.769230769230769;2.5336980968395277
2018-08-29 00:00:00+00:00;3.1538461538461537;2.9293071025096187
2018-08-30 00:00:00+00:00;6.076923076923077;5.8629501194471345
2018-08-31 00:00:00+00:00;6.769230769230769;6.565408244149992
