dates,DB_R_uncorrected,DB_R_corrected,S_EC
2015-09-11 00:00:00+00:00,9.0,9.0,1.6583333333333332
2015-09-12 00:00:00+00:00,5.972222222222222,5.972222222222222,5.883333333333333
2015-09-13 00:00:00+00:00,8.25,8.25,6.483333333333333
2015-09-14 00:00:00+00:00,8.166666666666666,8.166666666666666,3.525
2015-09-15 00:00:00+00:00,7.277777777777778,7.277777777777778,3.25
2015-09-16 00:00:00+00:00,5.166666666666667,5.1665445465749285,1.5291666666666666
2015-09-17 00:00:00+00:00,2.0833333333333335,2.0831995789819326,-1.2041666666666666
2015-09-18 00:00:00+00:00,2.4166666666666665,2.4165202282583387,-0.8208333333333337
2015-09-20 00:00:00+00:00,3.0833333333333335,3.0831580147282556,0.3916666666666666
2015-09-21 00:00:00+00:00,3.5,3.499808285953812,0.8916666666666666
2015-09-22 00:00:00+00:00,7.166666666666667,7.166457107751233,3.6750000000000003
2015-09-23 00:00:00+00:00,2.0555555555555554,2.0553265823663294,0.4333333333333333
2015-09-24 00:00:00+00:00,0.6666666666666666,0.6664165806515674,-0.9833333333333333
2015-09-25 00:00:00+00:00,0.25,0.24972696365475636,-2.7458333333333336
2015-09-26 00:00:00+00:00,0.75,0.7497020263919227,-1.362500000000001
2015-09-27 00:00:00+00:00,2.25,2.249674941580305,1.1208333333333333
2015-09-28 00:00:00+00:00,4.277777777777778,4.277423314440713,1.8749999999999998
2015-09-29 00:00:00+00:00,3.8333333333333335,3.832946959678445,0.9416666666666668
2015-09-30 00:00:00+00:00,1.6666666666666667,1.6662456784185486,-0.2888888888888889
2015-10-01 00:00:00+00:00,2.5,2.499541479537886,0.4428571428571428
2015-10-02 00:00:00+00:00,5.416666666666667,5.416167467614133,3.6666666666666674
2015-10-03 00:00:00+00:00,10.75,10.749456730822965,7.295833333333333
2015-10-04 00:00:00+00:00,-0.1388888888888889,-0.13947988232981703,-0.9458333333333334
2015-10-05 00:00:00+00:00,-0.3055555555555556,-0.3061982085545068,-2.866666666666667
2015-10-06 00:00:00+00:00,-0.08333333333333333,-0.08403188204869244,-1.2374999999999998
2015-10-07 00:00:00+00:00,1.5,1.4992409976154546,-0.6291666666666668
2015-10-08 00:00:00+00:00,-1.9166666666666667,-1.9174910246810999,-4.687499999999999
2015-10-09 00:00:00+00:00,-2.388888888888889,-2.3897838720637714,-5.3166666666666655
2015-10-10 00:00:00+00:00,-1.75,-1.7509712704133664,-4.312500000000001
2015-10-11 00:00:00+00:00,0.6666666666666666,0.6656130279264995,-3.7083333333333326
2015-10-12 00:00:00+00:00,-1.0833333333333333,-1.084475868518666,-5.229166666666667
2015-10-13 00:00:00+00:00,-1.6666666666666667,-1.667905103096285,-5.566666666666666
2015-10-14 00:00:00+00:00,-3.8333333333333335,-3.8346751838449435,-6.7749999999999995
2015-10-15 00:00:00+00:00,-2.8333333333333335,-2.834786651946523,-6.0041666666666655
2015-10-16 00:00:00+00:00,-4.0,-4.001573416925452,-7.2875000000000005
2015-10-17 00:00:00+00:00,-4.444444444444445,-4.446147203041588,-8.095833333333333
2015-10-18 00:00:00+00:00,-3.25,-3.251841995767584,-6.695833333333334
2015-10-20 00:00:00+00:00,-2.0,-2.002152972919133,-3.670833333333332
2015-10-21 00:00:00+00:00,-2.8333333333333335,-2.8356595649819165,-5.250000000000001
2015-10-22 00:00:00+00:00,-3.8333333333333335,-3.8358457613932395,-6.666666666666667
2015-10-23 00:00:00+00:00,-2.5,-2.502712442824454,-5.158333333333333
2015-10-24 00:00:00+00:00,1.4166666666666667,1.4137394569911448,-1.8916666666666666
2015-10-25 00:00:00+00:00,-6.794871794871795,-6.7980295129516195,-10.558333333333334
2015-10-26 00:00:00+00:00,-8.846153846153847,-8.849558862159089,-12.120833333333335
2015-10-27 00:00:00+00:00,-7.0,-7.003670212785559,-9.454166666666667
2015-10-28 00:00:00+00:00,-5.6923076923076925,-5.6962621743903865,-8.391666666666666
2015-10-29 00:00:00+00:00,-5.6923076923076925,-5.696566757254364,-7.783333333333334
2015-10-30 00:00:00+00:00,-4.512820512820513,-4.517405785793833,-7.091666666666668
2015-10-31 00:00:00+00:00,-5.615384615384615,-5.620319106944022,-8.204166666666666
2015-11-01 00:00:00+00:00,-6.6923076923076925,-6.6976158755622945,-9.771428571428572
2015-11-02 00:00:00+00:00,-11.743589743589743,-11.749297634799081,-13.295833333333334
2015-11-03 00:00:00+00:00,-7.6923076923076925,-7.698442935024991,-9.220833333333333
2015-11-04 00:00:00+00:00,-5.0,-5.0065919528508545,-8.191666666666668
2015-11-05 00:00:00+00:00,-4.0,-4.007079828187451,-6.0375000000000005
2015-11-06 00:00:00+00:00,-4.384615384615385,-4.392216155239806,-6.375
2015-11-07 00:00:00+00:00,-5.153846153846154,-5.162002935125523,-7.675
2015-11-08 00:00:00+00:00,-6.6923076923076925,-6.701057656780424,-10.008333333333335
2015-11-09 00:00:00+00:00,-8.461538461538462,-8.470920993327129,-13.200000000000001
2015-11-10 00:00:00+00:00,-10.384615384615385,-10.394672190825295,-14.779166666666663
2015-11-11 00:00:00+00:00,-7.6923076923076925,-7.703082918629378,-11.487499999999999
2015-11-12 00:00:00+00:00,-10.538461538461538,-10.550001889040779,-12.937499999999998
2015-11-13 00:00:00+00:00,-10.23076923076923,-10.243124092402176,-13.416666666666666
2015-11-14 00:00:00+00:00,-11.128205128205128,-11.1414266989095,-9.937500000000002
2015-11-15 00:00:00+00:00,-2.3846153846153846,-2.398758806621415,-4.858333333333333
2015-11-16 00:00:00+00:00,-3.0,-3.015123497196963,-5.983333333333333
2015-11-17 00:00:00+00:00,-8.923076923076923,-8.939241942942502,-9.6625
2015-11-18 00:00:00+00:00,-1.6923076923076923,-1.7095790523382246,-3.1666666666666656
2015-11-20 00:00:00+00:00,2.8461538461538463,2.8264611140270026,0.7541666666666669
2015-11-21 00:00:00+00:00,-2.6923076923076925,-2.713322969111634,-5.5125
2015-11-22 00:00:00+00:00,-10.743589743589743,-10.766007417017976,-13.841666666666667
2015-11-23 00:00:00+00:00,-10.0,-10.023904091580023,-13.537500000000001
2015-11-24 00:00:00+00:00,-11.0,-11.025478874048341,-13.375
2015-11-25 00:00:00+00:00,-12.384615384615385,-12.411761925755284,-13.866666666666665
2015-11-26 00:00:00+00:00,-11.871794871794872,-11.900706666701161,-16.529166666666665
2015-11-27 00:00:00+00:00,-20.307692307692307,-20.338471830965858,-23.016666666666662
2015-11-28 00:00:00+00:00,-18.23076923076923,-18.263524034826727,-23.224999999999998
2015-11-29 00:00:00+00:00,-14.538461538461538,-14.573304447308985,-16.758333333333333
2015-11-30 00:00:00+00:00,-9.923076923076923,-9.960126229817146,-12.2125
2015-12-01 00:00:00+00:00,-17.153846153846153,-17.193225821751724,-24.328571428571426
2015-12-02 00:00:00+00:00,-20.53846153846154,-20.580301405425,-25.483333333333334
2015-12-03 00:00:00+00:00,-23.384615384615383,-23.429051370768352,-25.679166666666664
2015-12-04 00:00:00+00:00,-19.71794871794872,-19.765123036220523,-20.712499999999995
2015-12-05 00:00:00+00:00,-20.384615384615383,-20.434676753980277,-23.516666666666666
2015-12-06 00:00:00+00:00,-20.384615384615383,-20.43771924575521,-21.537500000000005
2015-12-07 00:00:00+00:00,-19.53846153846154,-19.59477027154784,-21.67916666666667
2015-12-08 00:00:00+00:00,-19.923076923076923,-19.982760067353194,-19.154166666666665
2015-12-09 00:00:00+00:00,-9.384615384615385,-9.447849859436353,-11.460869565217392
2015-12-10 00:00:00+00:00,-6.230769230769231,-6.297739557729628,-7.2749999999999995
2015-12-11 00:00:00+00:00,-6.230769230769231,-6.301667756529942,-8.708333333333334
2015-12-12 00:00:00+00:00,-12.692307692307692,-12.767334811702016,-14.875
2015-12-13 00:00:00+00:00,-15.307692307692308,-15.387056686669789,-18.183333333333334
2015-12-14 00:00:00+00:00,-17.153846153846153,-17.237764951785856,-19.6125
2015-12-15 00:00:00+00:00,-25.153846153846153,-25.242545244745575,-24.000000000000004
2015-12-16 00:00:00+00:00,-23.53846153846154,-23.63217573048157,-23.25
2015-12-17 00:00:00+00:00,-22.846153846153847,-22.945127098974464,-19.666666666666668
2015-12-18 00:00:00+00:00,-21.923076923076923,-22.027562562492598,-19.225
2015-12-20 00:00:00+00:00,-22.025641025641026,-22.141949932303213,-25.425
2015-12-21 00:00:00+00:00,-23.0,-23.12263955917603,-25.08333333333333
2015-12-22 00:00:00+00:00,-17.923076923076923,-18.05233999436556,-19.916666666666668
2015-12-23 00:00:00+00:00,-14.487179487179487,-14.623369306117885,-16.74166666666667
2015-12-24 00:00:00+00:00,-9.846153846153847,-9.989584208859503,-10.904166666666667
2015-12-25 00:00:00+00:00,-13.923076923076923,-14.07407236344212,-15.983333333333334
2015-12-26 00:00:00+00:00,-17.0,-17.158895958677675,-20.866666666666664
2015-12-27 00:00:00+00:00,-17.615384615384617,-17.782527599784334,-22.82083333333333
2015-12-28 00:00:00+00:00,-22.58974358974359,-22.76549132423722,-25.541666666666668
2015-12-29 00:00:00+00:00,-20.615384615384617,-20.800106180903555,-23.10416666666667
2015-12-30 00:00:00+00:00,-15.692307692307692,-15.886383654497108,-18.2625
2015-12-31 00:00:00+00:00,-18.692307692307693,-18.89613021738847,-20.558333333333334
2016-01-01 00:00:00+00:00,-16.846153846153847,-17.06012680362979,-19.02857142857143
2016-01-02 00:00:00+00:00,-15.0,-15.224539051336535,-17.204166666666666
2016-01-03 00:00:00+00:00,-19.076923076923077,-19.312455749314317,-20.829166666666666
2016-01-04 00:00:00+00:00,-23.923076923076923,-24.17004266741064,-25.858333333333334
2016-01-05 00:00:00+00:00,-21.23076923076923,-21.489619462894137,-21.804166666666664
2016-01-06 00:00:00+00:00,-22.615384615384617,-22.88658273978161,-20.037500000000005
2016-01-07 00:00:00+00:00,-23.0,-23.28402141495855,-24.89166666666667
2016-01-08 00:00:00+00:00,-24.307692307692307,-24.605024391095466,-27.712500000000006
2016-01-09 00:00:00+00:00,-26.794871794871796,-27.106013869698085,-25.354166666666668
2016-01-10 00:00:00+00:00,-11.794871794871796,-12.120335073529898,-15.045833333333334
2016-01-11 00:00:00+00:00,-14.0,-14.340307506622729,-16.904166666666665
2016-01-12 00:00:00+00:00,-15.512820512820513,-15.868506982658058,-17.12916666666667
2016-01-13 00:00:00+00:00,-21.0,-21.37161175506905,-23.129166666666663
2016-01-14 00:00:00+00:00,-21.53846153846154,-21.92655633862669,-21.379166666666663
2016-01-15 00:00:00+00:00,-12.153846153846153,-12.558993022533027,-14.33333333333333
2016-01-16 00:00:00+00:00,-16.0,-16.422779023765955,-15.016666666666666
2016-01-17 00:00:00+00:00,-9.974358974358974,-10.415361075576916,-10.8125
2016-01-18 00:00:00+00:00,-10.23076923076923,-10.69059591271337,-12.570833333333333
2016-01-20 00:00:00+00:00,-19.923076923076923,-20.422398155060254,-22.275000000000002
2016-01-21 00:00:00+00:00,-18.76923076923077,-19.289241600177373,-21.2375
2016-01-22 00:00:00+00:00,-23.53846153846154,-24.07980267140799,-25.86666666666667
2016-01-23 00:00:00+00:00,-20.615384615384617,-21.17870562359998,-23.862499999999997
2016-01-24 00:00:00+00:00,-26.23076923076923,-26.81672812461869,-29.595652173913045
2016-01-25 00:00:00+00:00,-23.692307692307693,-24.30157045476466,-25.861538461538466
2016-01-26 00:00:00+00:00,-28.307692307692307,-28.940932398180063,-31.599999999999998
2016-01-27 00:00:00+00:00,-34.0,-34.65789782630862,-31.016666666666666
2016-01-28 00:00:00+00:00,-26.076923076923077,-26.760165435015338,-30.454166666666655
2016-01-29 00:00:00+00:00,-24.923076923076923,-25.63235640466811,-28.891666666666662
2016-01-30 00:00:00+00:00,-22.076923076923077,-22.812937444793956,-24.95833333333334
2016-01-31 00:00:00+00:00,-21.46153846153846,-22.22498999261798,-21.941666666666666
2016-02-01 00:00:00+00:00,-20.53846153846154,-21.330056334795998,-22.599999999999998
2016-02-02 00:00:00+00:00,-20.743589743589745,-21.564037011398053,-24.45833333333334
2016-02-03 00:00:00+00:00,-22.53846153846154,-23.38847283556163,-27.01666666666667
2016-02-04 00:00:00+00:00,-28.923076923076923,-29.803365375056107,-28.387500000000003
2016-02-05 00:00:00+00:00,-29.23076923076923,-30.142048716361266,-27.308333333333334
2016-02-06 00:00:00+00:00,-27.0,-27.942984306223455,-25.349999999999998
2016-02-07 00:00:00+00:00,-24.153846153846153,-25.129248101552253,-28.182608695652174
2016-02-08 00:00:00+00:00,-23.76923076923077,-24.77776130980397,-27.6375
2016-02-09 00:00:00+00:00,-22.23076923076923,-23.27313651481999,-25.808333333333334
2016-02-10 00:00:00+00:00,-23.333333333333332,-24.41024175231973,-25.03333333333333
2016-02-11 00:00:00+00:00,-22.384615384615383,-23.49676458642816,-23.687500000000004
2016-02-12 00:00:00+00:00,-22.153846153846153,-23.30193003348982,-20.766666666666662
2016-02-13 00:00:00+00:00,-17.0,-18.18470566660107,-18.479166666666668
2016-02-14 00:00:00+00:00,-18.794871794871796,-20.016878516343017,-20.80416666666667
2016-02-15 00:00:00+00:00,-20.76923076923077,-22.029208896017824,-22.937500000000004
2016-02-16 00:00:00+00:00,-20.76923076923077,-22.06784063866417,-21.504166666666666
2016-02-17 00:00:00+00:00,-21.0,-22.337890822870257,-24.991666666666664
2016-02-18 00:00:00+00:00,-25.794871794871796,-27.17268052593943,-29.883333333333336
2016-02-20 00:00:00+00:00,-9.923076923076923,-11.38257757957164,-15.229166666666664
2016-02-21 00:00:00+00:00,-24.384615384615383,-25.885859780020983,-28.229166666666668
2016-02-22 00:00:00+00:00,-29.153846153846153,-30.69741066756703,-31.85833333333333
2016-02-23 00:00:00+00:00,-27.23076923076923,-28.81721216392909,-30.64166666666667
2016-02-24 00:00:00+00:00,-25.846153846153847,-27.47601423660396,-29.400000000000006
2016-02-25 00:00:00+00:00,-22.743589743589745,-24.417386179241888,-29.120833333333334
2016-02-26 00:00:00+00:00,-30.666666666666668,-32.384896099509625,-30.775000000000002
2016-02-27 00:00:00+00:00,-30.025641025641026,-31.788777588862324,-26.557142857142857
2016-02-28 00:00:00+00:00,-23.53846153846154,-25.34695536915387,-28.9375
2016-02-29 00:00:00+00:00,-24.692307692307693,-26.54658376229169,-30.616666666666664
2016-03-01 00:00:00+00:00,-27.794871794871796,-29.695328752213232,-29.900000000000002
2016-03-02 00:00:00+00:00,-26.564102564102566,-28.51111158794245,-28.429166666666664
2016-03-03 00:00:00+00:00,-19.76923076923077,-21.763134440580636,-22.737499999999997
2016-03-04 00:00:00+00:00,-17.076923076923077,-19.11803426810509,-19.89166666666667
2016-03-05 00:00:00+00:00,-19.871794871794872,-21.96039565722679,-25.595833333333335
2016-03-06 00:00:00+00:00,-21.0,-23.136340591038067,-23.72083333333333
2016-03-07 00:00:00+00:00,-22.153846153846153,-24.33814386040499,-26.70833333333333
2016-03-08 00:00:00+00:00,-22.615384615384617,-24.847822837051346,-26.883333333333326
2016-03-09 00:00:00+00:00,-19.23076923076923,-21.51149648011965,-23.058333333333334
2016-03-10 00:00:00+00:00,-19.46153846153846,-21.790667422345713,-23.1125
2016-03-11 00:00:00+00:00,-17.46153846153846,-19.839145084539336,-23.40833333333333
2016-03-12 00:00:00+00:00,-19.0,-21.426122638850533,-22.2625
2016-03-13 00:00:00+00:00,-18.05128205128205,-20.52592064129254,-21.920833333333334
2016-03-14 00:00:00+00:00,-8.794871794871796,-11.31798707706151,-13.116666666666665
2016-03-15 00:00:00+00:00,-12.692307692307692,-15.26382048526158,-16.516666666666662
2016-03-16 00:00:00+00:00,-17.307692307692307,-19.92748282963584,-21.9375
2016-03-17 00:00:00+00:00,-16.846153846153847,-19.514061089587745,-19.895833333333332
2016-03-18 00:00:00+00:00,-16.153846153846153,-18.869667315000427,-20.11666666666667
2016-03-20 00:00:00+00:00,-19.666666666666668,-22.47753755814026,-20.679166666666664
2016-03-21 00:00:00+00:00,-14.846153846153847,-17.704074628099463,-21.349999999999998
2016-03-22 00:00:00+00:00,-21.94871794871795,-24.853314097012714,-29.08749999999999
2016-03-23 00:00:00+00:00,-20.076923076923077,-23.027776313057217,-25.154166666666672
2016-03-24 00:00:00+00:00,-15.153846153846153,-18.150494245146124,-22.245833333333334
2016-03-25 00:00:00+00:00,-17.205128205128204,-20.247064832662563,-25.10416666666666
2016-03-26 00:00:00+00:00,-18.923076923076923,-22.009751618575027,-23.78260869565218
2016-03-27 00:00:00+00:00,-16.916666666666668,-20.047484819634143,-22.005
2016-03-28 00:00:00+00:00,-17.5,-20.674322936063067,-22.92083333333333
2016-03-29 00:00:00+00:00,-10.916666666666666,-14.133811798020563,-20.783333333333335
2016-03-30 00:00:00+00:00,-20.194444444444443,-23.453685493119362,-21.195833333333333
2016-03-31 00:00:00+00:00,-18.166666666666668,-21.46723396115875,-22.091666666666665
2016-04-01 00:00:00+00:00,-11.583333333333334,-14.924414178978422,-17.1
2016-04-02 00:00:00+00:00,-11.916666666666666,-15.297405789961353,-21.958333333333332
2016-04-03 00:00:00+00:00,-14.527777777777779,-17.947277844676456,-23.395833333333332
2016-04-04 00:00:00+00:00,-16.083333333333332,-19.540655541371677,-23.658333333333335
2016-04-05 00:00:00+00:00,-16.77777777777778,-20.27194252169318,-25.72916666666667
2016-04-06 00:00:00+00:00,-19.305555555555557,-22.835543165893938,-25.462499999999995
2016-04-07 00:00:00+00:00,-15.083333333333334,-18.648084887350073,-22.508333333333336
2016-04-08 00:00:00+00:00,-12.666666666666666,-16.26508487064759,-22.88333333333334
2016-04-09 00:00:00+00:00,-12.027777777777779,-15.658727919725097,-19.34583333333333
2016-04-10 00:00:00+00:00,-11.38888888888889,-15.0511998603368,-16.616666666666664
2016-04-11 00:00:00+00:00,-5.388888888888889,-9.081354274435434,-17.724999999999998
2016-04-12 00:00:00+00:00,-8.833333333333334,-12.554712566299017,-18.254166666666666
2016-04-13 00:00:00+00:00,-9.166666666666666,-12.915686249117377,-13.820833333333338
2016-04-14 00:00:00+00:00,-6.611111111111111,-10.386465896313283,-14.725000000000001
2016-04-15 00:00:00+00:00,-7.083333333333333,-10.883687868543841,-13.383333333333333
2016-04-16 00:00:00+00:00,-3.5833333333333335,-7.407323260665734,-8.737499999999999
2016-04-17 00:00:00+00:00,-8.166666666666666,-12.012900179619745,-12.845833333333333
2016-04-18 00:00:00+00:00,-10.777777777777779,-14.644837130862392,-15.704166666666667
2016-04-20 00:00:00+00:00,-0.9166666666666666,-4.821028555228149,-7.216666666666668
2016-04-21 00:00:00+00:00,-11.916666666666666,-15.837461359893688,-16.095833333333335
2016-04-22 00:00:00+00:00,-12.916666666666666,-16.8523887237567,-18.175
2016-04-23 00:00:00+00:00,-8.194444444444445,-12.143570730805607,-17.98333333333333
2016-04-24 00:00:00+00:00,-9.5,-13.46099145407294,-16.849999999999998
2016-04-25 00:00:00+00:00,-10.0,-13.971303431615254,-14.445833333333333
2016-04-26 00:00:00+00:00,-4.361111111111111,-8.34116102788184,-7.683333333333334
2016-04-27 00:00:00+00:00,5.472222222222222,1.4850017640500899,-0.75
2016-04-28 00:00:00+00:00,5.5,1.5071935238862504,-0.32083333333333336
2016-04-29 00:00:00+00:00,1.6666666666666667,-2.330134612992069,-2.5291666666666663
2016-04-30 00:00:00+00:00,-1.9444444444444444,-5.943644524439112,-6.2
2016-05-01 00:00:00+00:00,5.166666666666667,1.166666666666667,-4.571428571428571
2016-05-02 00:00:00+00:00,0.5833333333333334,-3.4158667466613335,-4.145833333333333
2016-05-03 00:00:00+00:00,3.9166666666666665,-0.08013461299206925,-3.4375
2016-05-04 00:00:00+00:00,-4.972222222222222,-8.965028698335972,-11.499999999999998
2016-05-05 00:00:00+00:00,-2.9166666666666665,-6.903887124838799,-8.17083333333333
2016-05-06 00:00:00+00:00,-0.6666666666666666,-4.646716583437397,-4.8136363636363635
2016-05-07 00:00:00+00:00,0.9166666666666666,-3.054636764948587,-7.241666666666666
2016-05-08 00:00:00+00:00,-0.08333333333333333,-4.044324787406272,-5.550000000000001
2016-05-09 00:00:00+00:00,1.6666666666666667,-2.282459619694495,-4.424999999999999
2016-05-10 00:00:00+00:00,5.0,1.0642779429099667,-3.6374999999999997
2016-05-11 00:00:00+00:00,4.5,0.579205306772979,-1.8863636363636367
2016-05-12 00:00:00+00:00,1.9166666666666667,-1.9876952218948152,-3.8250000000000006
2016-05-13 00:00:00+00:00,0.3888888888888889,-3.4975541798676026,-5.0375
2016-05-14 00:00:00+00:00,5.5,1.632940646915387,-1.1526315789473682
2016-05-15 00:00:00+00:00,6.333333333333333,2.487099820380255,1.4000000000000001
2016-05-16 00:00:00+00:00,6.611111111111111,2.7871211837787104,2.65
2016-05-17 00:00:00+00:00,2.9166666666666665,-0.8836878685438418,-0.7083333333333335
2016-05-18 00:00:00+00:00,1.5833333333333333,-2.1920214518688397,-2.7875
2016-05-20 00:00:00+00:00,-0.5277777777777778,-4.2491570107434615,-3.304166666666667
2016-05-21 00:00:00+00:00,-0.6666666666666666,-4.35913205221321,-3.35
2016-05-22 00:00:00+00:00,0.25,-3.4123109714479107,-3.1041666666666665
2016-05-23 00:00:00+00:00,-0.25,-3.8809501419473187,-3.6416666666666675
2016-05-24 00:00:00+00:00,0.8888888888888888,-2.7095293150920376,-3.8208333333333333
2016-05-25 00:00:00+00:00,1.25,-2.314751554016738,-2.370833333333334
2016-05-26 00:00:00+00:00,3.0833333333333335,-0.4466542770050488,-2.575
2016-05-27 00:00:00+00:00,2.75,-0.7441647439154013,-2.954545454545455
2016-05-28 00:00:00+00:00,1.5277777777777777,-1.929544430260567,-1.945833333333333
2016-05-29 00:00:00+00:00,-0.75,-4.169500066898678,-3.733333333333334
2016-05-30 00:00:00+00:00,0.5,-2.880739123294686,-4.133333333333334
2016-05-31 00:00:00+00:00,0.25,-3.0910808456450884,-4.154166666666667
2016-06-01 00:00:00+00:00,3.1666666666666665,-0.13390062782541756,-3.142857142857143
2016-06-02 00:00:00+00:00,5.5,2.240758951325082,-2.0708333333333333
2016-06-03 00:00:00+00:00,6.5,3.282854868646104,-0.8791666666666664
2016-06-04 00:00:00+00:00,4.666666666666667,1.4923437306035998,-0.4875
2016-06-05 00:00:00+00:00,6.861111111111111,3.7302929581436377,-0.09166666666666667
2016-06-06 00:00:00+00:00,2.25,-0.8366746954981048,-2.768181818181818
2016-06-07 00:00:00+00:00,1.0833333333333333,-1.9586032942010252,-3.050000000000001
2016-06-08 00:00:00+00:00,0.9166666666666666,-2.079981424633304,-1.8208333333333335
2016-06-09 00:00:00+00:00,3.4166666666666665,0.4658134305325281,0.6874999999999999
2016-06-10 00:00:00+00:00,3.25,0.3454038517052367,0.2625000000000001
2016-06-11 00:00:00+00:00,3.5,0.6420792180543855,-0.8625000000000002
2016-06-12 00:00:00+00:00,3.75,0.9391291085264086,-1.0291666666666661
2016-06-13 00:00:00+00:00,6.333333333333333,3.5698433680569734,2.7458333333333336
2016-06-14 00:00:00+00:00,7.75,5.034178838845728,6.566666666666666
2016-06-15 00:00:00+00:00,8.0,5.332092756566102,6.7875000000000005
2016-06-16 00:00:00+00:00,8.5,5.880209478056467,6.058333333333334
2016-06-17 00:00:00+00:00,12.916666666666666,10.345153873712778,9.350000000000001
2016-06-18 00:00:00+00:00,10.083333333333334,7.560218051143621,7.508333333333332
2016-06-20 00:00:00+00:00,9.916666666666666,7.490544027816132,5.691666666666667
2016-06-21 00:00:00+00:00,4.5,2.122393376999125,1.6708333333333334
2016-06-22 00:00:00+00:00,2.5833333333333335,0.25420437252607986,1.6500000000000001
2016-06-23 00:00:00+00:00,1.0,-1.2807272493504205,1.4749999999999999
2016-06-24 00:00:00+00:00,2.3333333333333335,0.10089511166660259,2.5791666666666666
2016-06-25 00:00:00+00:00,5.25,3.065702293441162,3.745833333333334
2016-06-26 00:00:00+00:00,7.444444444444445,5.308103853406376,3.770833333333334
2016-06-27 00:00:00+00:00,3.1666666666666665,1.078065881234747,1.9583333333333333
2016-06-28 00:00:00+00:00,6.583333333333333,4.542222142151317,4.7875
2016-06-29 00:00:00+00:00,13.027777777777779,11.033874106427914,8.625
2016-06-30 00:00:00+00:00,11.583333333333334,9.636324309493446,11.216666666666667
2016-07-01 00:00:00+00:00,9.5,7.5995430426585635,9.216666666666665
2016-07-02 00:00:00+00:00,7.583333333333333,5.729057263349339,7.2250000000000005
2016-07-03 00:00:00+00:00,8.055555555555555,6.247061724863224,4.545833333333333
2016-07-04 00:00:00+00:00,7.25,5.486863436778702,4.1
2016-07-05 00:00:00+00:00,6.0,4.281770567157043,6.375000000000001
2016-07-06 00:00:00+00:00,8.75,7.076203564347859,8.370833333333335
2016-07-07 00:00:00+00:00,8.805555555555555,7.175695165105445,9.995652173913042
2016-07-08 00:00:00+00:00,7.666666666666667,6.0802237335068074,7.875000000000001
2016-07-09 00:00:00+00:00,9.75,8.206435486279123,11.166666666666666
2016-07-10 00:00:00+00:00,16.583333333333332,15.082088937927734,13.783333333333333
2016-07-11 00:00:00+00:00,10.166666666666666,8.70716601017195,12.958333333333336
2016-07-12 00:00:00+00:00,15.972222222222221,14.553872027978626,14.09583333333333
2016-07-13 00:00:00+00:00,9.083333333333334,7.705524602265697,7.847826086956521
2016-07-14 00:00:00+00:00,3.4166666666666665,2.07877584379641,1.9000000000000001
2016-07-15 00:00:00+00:00,4.194444444444445,2.8958345750110457,3.054166666666667
2016-07-16 00:00:00+00:00,8.75,7.490021873212946,6.269565217391304
2016-07-17 00:00:00+00:00,8.75,7.527993278528779,6.441666666666666
2016-07-18 00:00:00+00:00,8.0,6.815294333398933,6.429166666666667
2016-07-20 00:00:00+00:00,12.583333333333334,11.471184131520557,10.470833333333333
2016-07-21 00:00:00+00:00,4.916666666666667,3.839758247680269,5.163157894736843
2016-07-22 00:00:00+00:00,4.75,3.707632715949243,5.116666666666666
2016-07-23 00:00:00+00:00,9.916666666666666,8.908136126093465,9.070833333333333
2016-07-24 00:00:00+00:00,12.166666666666666,11.191264718960568,10.995833333333332
2016-07-25 00:00:00+00:00,14.25,13.307015693776545,15.0375
2016-07-26 00:00:00+00:00,17.083333333333332,16.172053847741296,16.408333333333335
2016-07-27 00:00:00+00:00,14.222222222222221,13.341933770243038,16.4875
2016-07-28 00:00:00+00:00,13.88888888888889,13.0388775917888,13.741666666666667
2016-07-29 00:00:00+00:00,14.916666666666666,14.096219398858358,14.4375
2016-07-30 00:00:00+00:00,13.25,12.458405203665542,13.4125
2016-07-31 00:00:00+00:00,12.25,11.486548468920478,12.516666666666667
2016-08-01 00:00:00+00:00,15.472222222222221,14.736207854351342,17.900000000000002
2016-08-02 00:00:00+00:00,20.416666666666668,19.707387185075483,19.504166666666666
2016-08-03 00:00:00+00:00,16.27777777777778,15.594535419685519,20.279166666666665
2016-08-04 00:00:00+00:00,17.694444444444443,17.036546618135823,16.470833333333335
2016-08-05 00:00:00+00:00,13.333333333333334,12.700093242845579,16.05454545454545
2016-08-06 00:00:00+00:00,14.5,13.890737237543032,12.945833333333333
2016-08-07 00:00:00+00:00,15.333333333333334,14.74737443948387,12.937500000000002
2016-08-08 00:00:00+00:00,10.36111111111111,9.797790102895744,8.645833333333334
2016-08-09 00:00:00+00:00,12.944444444444445,12.403103311497993,10.899999999999999
2016-08-10 00:00:00+00:00,9.25,8.729989169053395,7.804166666666666
2016-08-11 00:00:00+00:00,4.25,3.750678768016668,3.1416666666666675
2016-08-12 00:00:00+00:00,9.333333333333334,8.85407026967431,7.700000000000002
2016-08-13 00:00:00+00:00,11.194444444444445,10.734617762500305,9.995833333333335
2016-08-14 00:00:00+00:00,13.583333333333334,13.142331232115392,11.695
2016-08-15 00:00:00+00:00,16.166666666666668,15.743887642900713,14.208333333333336
2016-08-16 00:00:00+00:00,14.75,14.344853131313126,13.358333333333329
2016-08-17 00:00:00+00:00,13.333333333333334,12.945238533168187,11.200000000000001
2016-08-18 00:00:00+00:00,13.083333333333334,12.711721578264283,12.087499999999999
2016-08-20 00:00:00+00:00,15.0,14.659692493377271,12.216666666666669
2016-08-21 00:00:00+00:00,13.36111111111111,13.035647832453009,10.129166666666668
2016-08-22 00:00:00+00:00,12.083333333333334,11.772191258507045,7.256521739130436
2016-08-23 00:00:00+00:00,10.75,10.452667916596841,7.591666666666666
2016-08-24 00:00:00+00:00,7.166666666666667,6.882645251708119,5.5249999999999995
2016-08-25 00:00:00+00:00,9.5,9.22880187560301,6.595833333333332
2016-08-26 00:00:00+00:00,9.166666666666666,8.90781643454176,6.287499999999999
2016-08-27 00:00:00+00:00,10.583333333333334,10.336367588999618,7.208333333333333
2016-08-28 00:00:00+00:00,9.666666666666666,9.431133994275424,6.170833333333332
2016-08-29 00:00:00+00:00,8.5,8.275460948663465,5.216666666666668
2016-08-30 00:00:00+00:00,5.416666666666667,5.202693709190725,4.020833333333333
2016-08-31 00:00:00+00:00,8.666666666666666,8.462844141585888,6.037499999999999
2016-09-18 00:00:00+00:00,8.0,7.9998397388104285,2.3625
2016-09-20 00:00:00+00:00,11.5,11.499808285953812,8.083333333333334
2016-09-21 00:00:00+00:00,9.333333333333334,9.3331237744179,7.462500000000001
2016-09-22 00:00:00+00:00,5.416666666666667,5.416437693477441,4.1875
2016-09-23 00:00:00+00:00,4.083333333333333,4.083083247318234,1.5416666666666663
2016-09-24 00:00:00+00:00,3.9166666666666665,3.916393630321423,1.441666666666667
2016-09-25 00:00:00+00:00,5.666666666666667,5.6663686930585895,3.2374999999999994
2016-09-26 00:00:00+00:00,5.666666666666667,5.666341608246972,3.6875000000000004
2016-09-27 00:00:00+00:00,8.25,8.249645536662936,4.125000000000001
2016-09-28 00:00:00+00:00,10.0,9.999613626345111,6.050000000000001
2016-09-29 00:00:00+00:00,7.75,7.749579011751882,3.6375000000000006
2016-09-30 00:00:00+00:00,5.583333333333333,5.58287481287122,2.129166666666666
2016-10-01 00:00:00+00:00,3.5,3.4995008009474664,0.38571428571428573
2016-10-02 00:00:00+00:00,1.25,1.249456730822965,-1.0583333333333331
2016-10-03 00:00:00+00:00,2.4,2.399409006559072,-0.5208333333333335
2016-10-04 00:00:00+00:00,4.916666666666667,4.916024013667716,1.7249999999999994
2016-10-05 00:00:00+00:00,0.1,0.0993014512846409,-2.2
2016-10-06 00:00:00+00:00,0.5,0.49924099761545465,-2.7208333333333337
2016-10-07 00:00:00+00:00,0.4166666666666667,0.4158423086522336,-2.8333333333333335
2016-10-08 00:00:00+00:00,-0.4166666666666667,-0.41756164984154914,-3.0291666666666672
2016-10-09 00:00:00+00:00,0.3333333333333333,0.3323620629199668,-3.120833333333333
2016-10-10 00:00:00+00:00,0.5,0.49894636125983277,-3.4250000000000007
2016-10-11 00:00:00+00:00,2.1,2.0988574648146674,-2.9291666666666667
2016-10-12 00:00:00+00:00,-0.16666666666666666,-0.16790510309628487,-4.431818181818182
2016-10-13 00:00:00+00:00,-1.1666666666666667,-1.1680085171782768,-4.78125
2016-10-14 00:00:00+00:00,-0.6666666666666666,-0.6681199852798558,-4.122222222222224
2016-10-15 00:00:00+00:00,-0.25,-0.25157341692545226,-4.276190476190477
2016-10-16 00:00:00+00:00,-1.5,-1.501702758597143,-4.583333333333333
2016-10-17 00:00:00+00:00,-1.5833333333333333,-1.5851753291009174,-5.770833333333332
2016-10-18 00:00:00+00:00,-5.416666666666667,-5.41865848835268,-7.325
2016-10-20 00:00:00+00:00,-5.5,-5.502326231648583,-7.658333333333334
2016-10-21 00:00:00+00:00,-0.3333333333333333,-0.3358457613932393,-2.195833333333333
2016-10-22 00:00:00+00:00,-2.0,-2.002712442824454,-4.722727272727273
2016-10-23 00:00:00+00:00,-2.9166666666666665,-2.9195938763421885,-6.833333333333332
2016-10-24 00:00:00+00:00,-2.6666666666666665,-2.6698243847464913,-5.816666666666666
2016-10-25 00:00:00+00:00,-3.0833333333333335,-3.0867383493385754,-5.966666666666668
2016-10-26 00:00:00+00:00,-1.25,-1.2536702127855588,-3.4125
2016-10-27 00:00:00+00:00,-0.25,-0.25395448208269417,-2.5625000000000004
2016-10-28 00:00:00+00:00,-1.0833333333333333,-1.0875923982800049,-3.899999999999999
2016-10-29 00:00:00+00:00,-6.333333333333333,-6.337918606306653,-8.487500000000002
2016-10-30 00:00:00+00:00,-4.0,-4.004934491559407,-6.5375000000000005
2016-10-31 00:00:00+00:00,-4.538461538461538,-4.54376972171614,-6.966666666666668
2016-11-01 00:00:00+00:00,-2.3076923076923075,-2.3134001989016464,-4.042857142857144
2016-11-02 00:00:00+00:00,1.0909090909090908,1.084773848191793,-1.7208333333333332
2016-11-03 00:00:00+00:00,0.45454545454545453,0.4479535016945998,-2.9333333333333336
2016-11-04 00:00:00+00:00,-1.8461538461538463,-1.8532336743412976,-4.995833333333334
2016-11-05 00:00:00+00:00,-5.615384615384615,-5.622985386009036,-7.7625
2016-11-06 00:00:00+00:00,-3.1538461538461537,-3.162002935125523,-3.791666666666666
2016-11-07 00:00:00+00:00,-4.0,-4.008749964472732,-5.854166666666667
2016-11-08 00:00:00+00:00,-6.0,-6.009382531788668,-8.991666666666665
2016-11-09 00:00:00+00:00,-7.6923076923076925,-7.7023644985176025,-9.595833333333335
2016-11-10 00:00:00+00:00,-4.769230769230769,-4.780005995552455,-7.133333333333334
2016-11-11 00:00:00+00:00,-5.461538461538462,-5.473078812117701,-8.545833333333336
2016-11-12 00:00:00+00:00,-10.384615384615385,-10.396970246248332,-11.625000000000002
2016-11-13 00:00:00+00:00,-4.0,-4.013221570704372,-7.212500000000002
2016-11-14 00:00:00+00:00,-8.076923076923077,-8.091066498929107,-10.552173913043477
2016-11-15 00:00:00+00:00,-6.6923076923076925,-6.707431189504656,-7.620833333333333
2016-11-16 00:00:00+00:00,-3.6923076923076925,-3.7084727121732715,-5.433333333333334
2016-11-17 00:00:00+00:00,1.8461538461538463,1.828882486123314,-0.7291666666666665
2016-11-18 00:00:00+00:00,-2.5454545454545454,-2.5639005841042777,-5.483333333333333
2016-11-20 00:00:00+00:00,-7.153846153846154,-7.174861430650096,-9.049999999999999
2016-11-21 00:00:00+00:00,-6.0,-6.022417673428234,-8.716666666666667
2016-11-22 00:00:00+00:00,-6.230769230769231,-6.254673322349254,-9.825000000000001
2016-11-23 00:00:00+00:00,-8.846153846153847,-8.871632720202188,-10.879166666666668
2016-11-24 00:00:00+00:00,-5.230769230769231,-5.25791577190913,-7.816666666666666
2016-11-25 00:00:00+00:00,-3.6153846153846154,-3.644296410290905,-5.379166666666666
2016-11-26 00:00:00+00:00,-3.230769230769231,-3.2615487540427806,-6.175
2016-11-27 00:00:00+00:00,-5.615384615384615,-5.648139419442111,-9.216666666666669
2016-11-28 00:00:00+00:00,-11.153846153846153,-11.1886890626936,-12.925000000000002
2016-11-29 00:00:00+00:00,-11.615384615384615,-11.652433922124837,-13.258333333333335
2016-11-30 00:00:00+00:00,-9.538461538461538,-9.577841206367108,-12.104166666666666
2016-12-01 00:00:00+00:00,-8.384615384615385,-8.426455251578846,-11.799999999999999
2016-12-02 00:00:00+00:00,-6.538461538461538,-6.582897524614507,-11.637500000000003
2016-12-03 00:00:00+00:00,-6.3076923076923075,-6.35486662596411,-7.941666666666666
2016-12-04 00:00:00+00:00,-5.923076923076923,-5.973138292441818,-9.862499999999999
2016-12-05 00:00:00+00:00,-7.153846153846154,-7.206950014985982,-10.729166666666664
2016-12-06 00:00:00+00:00,-7.461538461538462,-7.517847194624761,-9.815000000000001
2016-12-07 00:00:00+00:00,-9.23076923076923,-9.2904523750455,-11.945833333333331
2016-12-08 00:00:00+00:00,-12.461538461538462,-12.52477293635943,-14.85
2016-12-09 00:00:00+00:00,-11.153846153846153,-11.220816480806551,-15.033333333333331
2016-12-10 00:00:00+00:00,-14.23076923076923,-14.301667756529941,-16.71666666666667
2016-12-11 00:00:00+00:00,-15.076923076923077,-15.1519501963174,-17.445833333333333
2016-12-12 00:00:00+00:00,-12.307692307692308,-12.387056686669789,-15.045833333333334
2016-12-13 00:00:00+00:00,-14.923076923076923,-15.006995721016626,-17.441666666666666
2016-12-14 00:00:00+00:00,-14.23076923076923,-14.319468321668651,-16.358333333333334
2016-12-15 00:00:00+00:00,-15.76923076923077,-15.862944961250802,-16.736363636363635
2016-12-16 00:00:00+00:00,-14.692307692307692,-14.791280945128308,-15.891666666666666
2016-12-17 00:00:00+00:00,-14.23076923076923,-14.335254870184903,-17.8875
2016-12-18 00:00:00+00:00,-19.307692307692307,-19.41795323685068,-22.4375
2016-12-20 00:00:00+00:00,-22.692307692307693,-22.814947251483723,-26.34583333333333
2016-12-21 00:00:00+00:00,-20.23076923076923,-20.360032302057867,-25.333333333333332
2016-12-22 00:00:00+00:00,-22.846153846153847,-22.982343665092245,-25.750000000000004
2016-12-23 00:00:00+00:00,-22.153846153846153,-22.297276516551808,-24.441666666666666
2016-12-24 00:00:00+00:00,-21.076923076923077,-21.227918517288273,-23.870833333333337
2016-12-25 00:00:00+00:00,-19.692307692307693,-19.85120365098537,-21.749999999999996
2016-12-26 00:00:00+00:00,-19.0,-19.167142984399717,-20.866666666666667
2016-12-27 00:00:00+00:00,-19.923076923076923,-20.098824657570553,-22.30434782608696
2016-12-28 00:00:00+00:00,-13.461538461538462,-13.646260027057401,-15.926086956521738
2016-12-29 00:00:00+00:00,-14.307692307692308,-14.501768269881724,-16.879166666666666
2016-12-30 00:00:00+00:00,-15.23076923076923,-15.434591755850008,-18.054166666666664
2016-12-31 00:00:00+00:00,-17.846153846153847,-18.06012680362979,-21.1125
2017-01-01 00:00:00+00:00,-16.846153846153847,-17.07069289749038,-20.585714285714285
2017-01-02 00:00:00+00:00,-19.307692307692307,-19.543224980083547,-22.970833333333335
2017-01-03 00:00:00+00:00,-23.692307692307693,-23.93927343664141,-26.79583333333333
2017-01-04 00:00:00+00:00,-21.153846153846153,-21.41269638597106,-22.783333333333335
2017-01-05 00:00:00+00:00,-14.76923076923077,-15.04042889362776,-15.883333333333333
2017-01-06 00:00:00+00:00,-11.923076923076923,-12.207098338035472,-13.674999999999999
2017-01-07 00:00:00+00:00,-16.153846153846153,-16.451178237249312,-19.462500000000002
2017-01-08 00:00:00+00:00,-21.384615384615383,-21.695757459441673,-25.350000000000005
2017-01-09 00:00:00+00:00,-28.692307692307693,-29.017770970965795,-31.512500000000003
2017-01-10 00:00:00+00:00,-27.923076923076923,-28.263384429699652,-31.570833333333326
2017-01-11 00:00:00+00:00,-25.076923076923077,-25.432609546760624,-25.825
2017-01-12 00:00:00+00:00,-17.307692307692307,-17.679304062761357,-19.82608695652174
2017-01-13 00:00:00+00:00,-15.076923076923077,-15.465017877088224,-18.55
2017-01-14 00:00:00+00:00,-22.0,-22.405146868686874,-24.658333333333342
2017-01-15 00:00:00+00:00,-22.923076923076923,-23.345855946842878,-25.8125
2017-01-16 00:00:00+00:00,-23.153846153846153,-23.594848255064093,-27.37083333333334
2017-01-17 00:00:00+00:00,-18.692307692307693,-19.152134374251833,-20.125000000000004
2017-01-18 00:00:00+00:00,-8.538461538461538,-9.017724602120563,-10.8125
2017-01-20 00:00:00+00:00,-17.46153846153846,-17.981549292485063,-19.02916666666667
2017-01-21 00:00:00+00:00,-25.384615384615383,-25.925956517561833,-21.166666666666668
2017-01-22 00:00:00+00:00,-17.0,-17.563321008215365,-16.962500000000002
2017-01-23 00:00:00+00:00,-12.307692307692308,-12.893651201541772,-16.858333333333334
2017-01-24 00:00:00+00:00,-17.23076923076923,-17.840031993226198,-18.213043478260868
2017-01-25 00:00:00+00:00,-7.615384615384615,-8.24862470587237,-11.116666666666667
2017-01-26 00:00:00+00:00,-9.153846153846153,-9.811743980154773,-10.558333333333334
2017-01-27 00:00:00+00:00,-8.23076923076923,-8.91401158886149,-10.195833333333335
2017-01-28 00:00:00+00:00,-12.384615384615385,-13.09389486620657,-14.333333333333337
2017-01-29 00:00:00+00:00,-13.307692307692308,-14.043706675563188,-16.575
2017-01-30 00:00:00+00:00,-15.23076923076923,-15.994220761848752,-20.862500000000004
2017-01-31 00:00:00+00:00,-22.384615384615383,-23.17621018094984,-26.804166666666664
2017-02-01 00:00:00+00:00,-24.76923076923077,-25.58967803703908,-27.67142857142857
2017-02-02 00:00:00+00:00,-24.46153846153846,-25.31154975863855,-27.849999999999998
2017-02-03 00:00:00+00:00,-26.53846153846154,-27.418749990440723,-31.433333333333334
2017-02-04 00:00:00+00:00,-29.76923076923077,-30.680510254822806,-31.974999999999994
2017-02-05 00:00:00+00:00,-27.384615384615383,-28.327599690838838,-26.09166666666667
2017-02-06 00:00:00+00:00,-22.46153846153846,-23.43694040924456,-27.45833333333333
2017-02-07 00:00:00+00:00,-23.076923076923077,-24.085453617496277,-27.470833333333328
2017-02-08 00:00:00+00:00,-23.923076923076923,-24.965444207127682,-28.237499999999997
2017-02-09 00:00:00+00:00,-24.076923076923077,-25.153831495909476,-29.566666666666663
2017-02-10 00:00:00+00:00,-27.692307692307693,-28.80445689412047,-32.05
2017-02-11 00:00:00+00:00,-25.923076923076923,-27.07116080272059,-31.1875
2017-02-12 00:00:00+00:00,-26.46153846153846,-27.64624412813953,-30.725000000000005
2017-02-13 00:00:00+00:00,-21.153846153846153,-22.375852875317374,-23.525000000000002
2017-02-14 00:00:00+00:00,-19.46153846153846,-20.721516588325514,-21.86666666666667
2017-02-15 00:00:00+00:00,-17.615384615384617,-18.913994484818016,-20.78333333333333
2017-02-16 00:00:00+00:00,-18.384615384615383,-19.72250620748564,-21.4875
2017-02-17 00:00:00+00:00,-17.923076923076923,-19.300885654144558,-20.754166666666666
2017-02-18 00:00:00+00:00,-16.53846153846154,-17.956811732705138,-20.391304347826086
2017-02-20 00:00:00+00:00,-14.076923076923077,-15.578167472328674,-19.079166666666666
2017-02-21 00:00:00+00:00,-18.76923076923077,-20.312795282951647,-22.620833333333334
2017-02-22 00:00:00+00:00,-23.46153846153846,-25.04798139469832,-25.641666666666666
2017-02-23 00:00:00+00:00,-22.153846153846153,-23.783706544296265,-23.295833333333334
2017-02-24 00:00:00+00:00,-18.923076923076923,-20.596873358729066,-24.04166666666667
2017-02-25 00:00:00+00:00,-15.846153846153847,-17.564383278996804,-20.2375
2017-02-26 00:00:00+00:00,-14.0,-15.763136563221298,-16.7
2017-02-27 00:00:00+00:00,-11.538461538461538,-13.34695536915387,-16.22083333333333
2017-02-28 00:00:00+00:00,-22.153846153846153,-24.00812222383015,-26.837500000000002
2017-03-01 00:00:00+00:00,-23.692307692307693,-25.59276464964913,-30.142857142857142
2017-03-02 00:00:00+00:00,-26.923076923076923,-28.87008594691681,-29.917391304347824
2017-03-03 00:00:00+00:00,-22.923076923076923,-24.91698059442679,-29.599999999999998
2017-03-04 00:00:00+00:00,-24.615384615384617,-26.65649580656663,-29.179166666666674
2017-03-05 00:00:00+00:00,-18.153846153846153,-20.24244693927807,-20.4375
2017-03-06 00:00:00+00:00,-14.615384615384615,-16.751725206422684,-16.90416666666667
2017-03-07 00:00:00+00:00,-15.538461538461538,-17.722759245020377,-16.541666666666668
2017-03-08 00:00:00+00:00,-5.538461538461538,-7.77089976012827,-7.916666666666664
2017-03-09 00:00:00+00:00,-3.6923076923076925,-5.973034941658113,-7.625000000000001
2017-03-10 00:00:00+00:00,-15.692307692307692,-18.021436653114947,-19.087499999999995
2017-03-11 00:00:00+00:00,-20.846153846153847,-23.223760469154723,-23.8625
2017-03-12 00:00:00+00:00,-19.384615384615383,-21.810738023465916,-23.88333333333334
2017-03-13 00:00:00+00:00,-15.153846153846153,-17.628484743856642,-18.2
2017-03-14 00:00:00+00:00,-11.0,-13.523115282189714,-16.037499999999998
2017-03-15 00:00:00+00:00,-13.23076923076923,-15.802282023723118,-18.379166666666666
2017-03-16 00:00:00+00:00,-13.846153846153847,-16.46594436809738,-17.925000000000004
2017-03-17 00:00:00+00:00,-14.23076923076923,-16.89867647420313,-18.533333333333335
2017-03-18 00:00:00+00:00,-15.076923076923077,-17.792744238077347,-19.212500000000002
2017-03-20 00:00:00+00:00,-1.6153846153846154,-4.426255506858206,-8.612499999999999
2017-03-21 00:00:00+00:00,-14.384615384615385,-17.242536166561,-18.19130434782609
2017-03-22 00:00:00+00:00,-15.692307692307692,-18.596903840602454,-20.916666666666664
2017-03-23 00:00:00+00:00,-16.615384615384617,-19.566237851518757,-20.7625
2017-03-24 00:00:00+00:00,-15.076923076923077,-18.073571168223047,-19.358333333333334
2017-03-25 00:00:00+00:00,-17.23076923076923,-20.27270585830359,-22.645833333333332
2017-03-26 00:00:00+00:00,-16.083333333333332,-19.170008028831436,-22.475000000000005
2017-03-27 00:00:00+00:00,-12.583333333333334,-15.714151486300807,-18.41666666666667
2017-03-28 00:00:00+00:00,-14.416666666666666,-17.590989602729735,-17.360869565217392
2017-03-29 00:00:00+00:00,-9.833333333333334,-13.050478464687231,-15.116666666666662
2017-03-30 00:00:00+00:00,-8.0,-11.259241048674918,-14.012500000000001
2017-03-31 00:00:00+00:00,-6.916666666666667,-10.217233961158751,-19.745833333333334
2017-04-01 00:00:00+00:00,-11.75,-15.091080845645088,-18.828571428571426
2017-04-02 00:00:00+00:00,-13.416666666666666,-16.797405789961353,-17.7625
2017-04-03 00:00:00+00:00,-7.916666666666667,-11.336166733565346,-13.162500000000001
2017-04-04 00:00:00+00:00,-3.75,-7.207322208038345,-8.395833333333332
2017-04-05 00:00:00+00:00,1.0,-2.4941647439154013,-5.8708333333333345
2017-04-06 00:00:00+00:00,3.3333333333333335,-0.19665427700504878,-4.270833333333333
2017-04-07 00:00:00+00:00,1.5,-2.064751554016738,-6.887499999999999
2017-04-08 00:00:00+00:00,1.0,-2.5984182039809265,-5.804166666666666
2017-04-09 00:00:00+00:00,-1.8333333333333333,-5.464283475280652,-5.399999999999999
2017-04-10 00:00:00+00:00,-9.8,-13.462310971447911,-13.108333333333334
2017-04-11 00:00:00+00:00,-9.636363636363637,-13.328829021910181,-14.749999999999998
2017-04-12 00:00:00+00:00,-12.0,-15.721379232965683,-16.691666666666666
2017-04-13 00:00:00+00:00,-11.125,-14.87401958245071,-16.53478260869565
2017-04-14 00:00:00+00:00,-13.8,-17.575354785202173,-20.558333333333337
2017-04-15 00:00:00+00:00,-14.333333333333334,-18.13368786854384,-20.395833333333332
2017-04-16 00:00:00+00:00,-11.0,-14.8239899273324,-17.354166666666668
2017-04-17 00:00:00+00:00,-11.6,-15.446233512953079,-16.32
2017-04-18 00:00:00+00:00,-8.714285714285714,-12.581345067370327,-13.064285714285715
2017-04-20 00:00:00+00:00,-8.5,-12.404361888561482,-13.3125
2017-04-21 00:00:00+00:00,-3.3,-7.22079469322702,-11.870833333333335
2017-04-22 00:00:00+00:00,0.2,-3.735722057090033,-12.391666666666666
2017-04-23 00:00:00+00:00,-9.333333333333334,-13.282459619694496,-14.012499999999998
2017-04-24 00:00:00+00:00,-7.777777777777778,-11.738769231850718,-12.487499999999999
2017-04-25 00:00:00+00:00,-8.1,-12.071303431615252,-14.116666666666667
2017-04-26 00:00:00+00:00,-9.3,-13.28004991677073,-16.29166666666666
2017-04-27 00:00:00+00:00,-7.818181818181818,-11.80540227635395,-11.769565217391303
2017-04-28 00:00:00+00:00,-0.75,-4.742806476113749,-7.841666666666669
2017-04-29 00:00:00+00:00,-7.32,-11.316801279658737,-11.870833333333332
2017-04-30 00:00:00+00:00,-7.055555555555555,-11.054755635550222,-13.608333333333334
2017-05-01 00:00:00+00:00,-8.416666666666666,-12.416666666666666,-13.657142857142855
2017-05-02 00:00:00+00:00,-6.833333333333333,-10.832533413328001,-13.25416666666667
2017-05-03 00:00:00+00:00,-5.666666666666667,-9.663467946325403,-13.749999999999998
2017-05-04 00:00:00+00:00,-1.4444444444444444,-5.437250920558194,-14.220833333333339
2017-05-05 00:00:00+00:00,-3.611111111111111,-7.598331569283244,-11.674999999999999
2017-05-06 00:00:00+00:00,-3.0,-6.98004991677073,-9.862499999999999
2017-05-07 00:00:00+00:00,-4.833333333333333,-8.804636764948587,-9.595833333333331
2017-05-08 00:00:00+00:00,2.6944444444444446,-1.2665470096284945,-4.0875
2017-05-09 00:00:00+00:00,10.13888888888889,6.189762602527727,2.7541666666666664
2017-05-10 00:00:00+00:00,11.416666666666666,7.480944609576633,5.404166666666666
2017-05-11 00:00:00+00:00,9.0,5.0792053067729785,5.712500000000001
2017-05-12 00:00:00+00:00,9.472222222222221,5.5678603336607395,5.386956521739131
2017-05-13 00:00:00+00:00,9.083333333333334,5.196890264576842,4.4625
2017-05-14 00:00:00+00:00,1.9166666666666667,-1.9503926864179462,-0.7666666666666666
2017-05-15 00:00:00+00:00,1.25,-2.596233512953078,-4.5249999999999995
2017-05-16 00:00:00+00:00,2.3055555555555554,-1.518434371776845,-5.216666666666668
2017-05-17 00:00:00+00:00,3.75,-0.05035453521050837,-4.095833333333334
2017-05-18 00:00:00+00:00,0.0,-3.7753547852021727,-4.675000000000001
2017-05-20 00:00:00+00:00,2.638888888888889,-1.0824903440767946,-1.4750000000000003
2017-05-21 00:00:00+00:00,1.3333333333333333,-2.3591320522132104,-2.3210526315789473
2017-05-22 00:00:00+00:00,-1.5833333333333333,-5.245644304781244,-5.258333333333333
2017-05-23 00:00:00+00:00,-1.5833333333333333,-5.214283475280652,-4.930434782608695
2017-05-24 00:00:00+00:00,3.235294117647059,-0.3631240863338676,-3.379166666666667
2017-05-25 00:00:00+00:00,8.166666666666666,4.6019151126499285,0.9750000000000001
2017-05-26 00:00:00+00:00,9.083333333333334,5.553345722994951,2.247826086956522
2017-05-27 00:00:00+00:00,8.666666666666666,5.172501922751264,1.9304347826086956
2017-05-28 00:00:00+00:00,7.5,4.042677791961655,3.458333333333334
2017-05-29 00:00:00+00:00,10.833333333333334,7.413833266434656,6.186956521739131
2017-05-30 00:00:00+00:00,10.333333333333334,6.952594210038647,8.183333333333334
2017-05-31 00:00:00+00:00,17.166666666666668,13.82558582102158,10.195833333333335
2017-06-01 00:00:00+00:00,12.583333333333334,9.282766038841249,9.42857142857143
2017-06-02 00:00:00+00:00,2.8333333333333335,-0.42590771534158467,0.7750000000000004
2017-06-03 00:00:00+00:00,1.40625,-1.8108951313538961,-1.8708333333333333
2017-06-04 00:00:00+00:00,5.583333333333333,2.409010397270266,-1.0458333333333332
2017-06-05 00:00:00+00:00,14.75,11.619181847032527,8.000000000000002
2017-06-06 00:00:00+00:00,4.333333333333333,1.2466586378352282,-0.325
2017-06-07 00:00:00+00:00,7.25,4.2080633724656415,4.7375
2017-06-08 00:00:00+00:00,3.25,0.2533519087000293,-0.1461538461538462
2017-06-09 00:00:00+00:00,2.5,-0.4508532361341384,-0.9470588235294116
2017-06-10 00:00:00+00:00,1.78125,-1.1233461482947633,-1.16875
2017-06-11 00:00:00+00:00,3.71875,0.8608292180543855,-0.8687500000000001
2017-06-12 00:00:00+00:00,6.25,3.4391291085264086,1.0076923076923079
2017-06-13 00:00:00+00:00,5.083333333333333,2.3198433680569734,0.5705882352941176
2017-06-14 00:00:00+00:00,9.083333333333334,6.367512172179062,3.864285714285714
2017-06-15 00:00:00+00:00,13.083333333333334,10.415426089899436,4.855555555555554
2017-06-16 00:00:00+00:00,9.916666666666666,7.296876144723133,5.14
2017-06-17 00:00:00+00:00,6.777777777777778,4.206264984823889,1.2625
2017-06-18 00:00:00+00:00,7.0,4.476884717810287,4.013333333333334
2017-06-20 00:00:00+00:00,15.75,13.323877361149467,10.546666666666669
2017-06-21 00:00:00+00:00,6.25,3.872393376999125,4.666666666666667
2017-06-22 00:00:00+00:00,11.25,8.920871039192747,8.076190476190476
2017-06-23 00:00:00+00:00,6.666666666666667,4.385939417316246,2.2631578947368416
2017-06-24 00:00:00+00:00,4.333333333333333,2.100895111666602,0.9368421052631579
2017-06-25 00:00:00+00:00,2.3333333333333335,0.14903562677449544,0.5650000000000001
2017-06-26 00:00:00+00:00,4.166666666666667,2.0303260756285986,1.6949999999999998
2017-06-27 00:00:00+00:00,7.333333333333333,5.244732547901414,4.215789473684211
2017-06-28 00:00:00+00:00,11.166666666666666,9.125555475484651,6.621052631578949
2017-06-29 00:00:00+00:00,13.916666666666666,11.922762995316802,9.065
2017-06-30 00:00:00+00:00,14.472222222222221,12.525213198382335,10.94761904761905
2017-07-01 00:00:00+00:00,15.384615384615385,13.484158427273949,9.5
2017-07-02 00:00:00+00:00,11.538461538461538,9.684185468477544,6.926086956521737
2017-07-03 00:00:00+00:00,10.846153846153847,9.037660015461515,8.277272727272726
2017-07-04 00:00:00+00:00,12.76923076923077,11.006094206009472,7.905263157894736
2017-07-05 00:00:00+00:00,13.461538461538462,11.743309028695505,9.352631578947369
2017-07-06 00:00:00+00:00,10.76923076923077,9.095434333578629,6.042105263157895
2017-07-07 00:00:00+00:00,9.923076923076923,8.293216532626813,4.810526315789475
2017-07-08 00:00:00+00:00,7.384615384615385,5.7981724514555255,1.15625
2017-07-09 00:00:00+00:00,11.846153846153847,10.30258933243297,4.629411764705883
2017-07-10 00:00:00+00:00,16.23076923076923,14.729524835363632,9.329411764705881
2017-07-11 00:00:00+00:00,9.461538461538462,8.002037805043745,5.125
2017-07-12 00:00:00+00:00,12.23076923076923,10.812419036525634,6.533333333333334
2017-07-13 00:00:00+00:00,8.692307692307692,7.314498961240055,6.653846153846154
2017-07-14 00:00:00+00:00,8.384615384615385,7.046724561745128,2.8625000000000003
2017-07-15 00:00:00+00:00,6.384615384615385,5.086005515181986,3.3066666666666666
2017-07-16 00:00:00+00:00,9.461538461538462,8.201560334751408,7.028571428571429
2017-07-17 00:00:00+00:00,16.0,14.777993278528779,9.600000000000001
2017-07-18 00:00:00+00:00,6.923076923076923,5.738371256475856,4.615384615384615
2017-07-19 00:00:00+00:00,10.461538461538462,9.313454581894792,5.222222222222223
2017-07-20 00:00:00+00:00,12.0,10.887850798187223,6.666666666666667
2017-07-21 00:00:00+00:00,5.333333333333333,4.256424914346935,3.9699999999999998
2017-07-22 00:00:00+00:00,8.461538461538462,7.419171177487705,4.833333333333333
2017-07-23 00:00:00+00:00,12.076923076923077,11.068392536349876,7.35
2017-07-24 00:00:00+00:00,18.46153846153846,17.48613651383236,8.3
2017-07-25 00:00:00+00:00,13.76923076923077,12.826246463007315,9.716666666666667
2017-07-26 00:00:00+00:00,14.461538461538462,13.550258975946425,12.228571428571428
2017-07-27 00:00:00+00:00,5.769230769230769,4.888942317251586,4.378571428571428
2017-07-28 00:00:00+00:00,12.0,11.149988702899911,5.7555555555555555
2017-07-29 00:00:00+00:00,16.0,15.179552732191691,9.1
2017-07-30 00:00:00+00:00,13.307692307692308,12.516097511357849,8.571428571428571
2017-07-31 00:00:00+00:00,8.76923076923077,8.005779238151248,4.9
2017-08-02 00:00:00+00:00,8.538461538461538,7.829182056870353,7.423076923076923
2017-08-03 00:00:00+00:00,13.615384615384615,12.932142257292355,8.988888888888887
2017-08-04 00:00:00+00:00,10.23076923076923,9.57287140446061,5.637500000000001
2017-08-05 00:00:00+00:00,5.461538461538462,4.828298371050707,4.1000000000000005
2017-08-06 00:00:00+00:00,10.76923076923077,10.159968006773802,10.25
2017-08-07 00:00:00+00:00,16.0,15.414041106150536,14.916666666666666
2017-08-08 00:00:00+00:00,18.307692307692307,17.744371299476942,11.3
2017-08-09 00:00:00+00:00,12.384615384615385,11.843274251668934,8.9
2017-08-10 00:00:00+00:00,9.461538461538462,8.941527630591857,8.916666666666666
2017-08-11 00:00:00+00:00,8.076923076923077,7.577601844939745,5.7124999999999995
2017-08-12 00:00:00+00:00,7.538461538461538,7.059198474802514,3.9200000000000004
2017-08-13 00:00:00+00:00,7.923076923076923,7.4632502411327835,4.738461538461538
2017-08-14 00:00:00+00:00,8.76923076923077,8.328228668012828,5.4750000000000005
2017-08-15 00:00:00+00:00,12.846153846153847,12.423374822387892,10.5
2017-08-16 00:00:00+00:00,11.307692307692308,10.902545439005435,9.007692307692308
2017-08-17 00:00:00+00:00,12.153846153846153,11.765751353681006,10.75
2017-08-18 00:00:00+00:00,10.76923076923077,10.39761901416172,8.52
2017-08-19 00:00:00+00:00,9.538461538461538,9.182775068623993,7.471428571428572
2017-08-20 00:00:00+00:00,12.307692307692308,11.96738480106958,7.45
2017-08-21 00:00:00+00:00,11.23076923076923,10.905305952111128,5.1230769230769235
2017-08-22 00:00:00+00:00,9.76923076923077,9.45808869440448,5.683333333333333
2017-08-23 00:00:00+00:00,9.307692307692308,9.01036022428915,6.099999999999999
2017-08-24 00:00:00+00:00,9.692307692307692,9.408286277349143,6.5875
2017-08-25 00:00:00+00:00,13.846153846153847,13.574955721756856,10.17727272727273
2017-08-26 00:00:00+00:00,18.153846153846153,17.894995921721247,12.384210526315789
2017-08-27 00:00:00+00:00,16.76923076923077,16.522265024897052,12.323809523809524
2017-08-28 00:00:00+00:00,15.307692307692308,15.072159635301066,11.936363636363636
2017-08-29 00:00:00+00:00,5.923076923076923,5.698537871740388,3.8833333333333337
2017-08-30 00:00:00+00:00,4.538461538461538,4.324488580985596,1.3304347826086955
2017-08-31 00:00:00+00:00,7.230769230769231,7.026946705688454,4.0227272727272725
2017-09-01 00:00:00+00:00,11.307692307692308,11.113616345502892,9.950000000000001
2017-09-02 00:00:00+00:00,12.923076923076923,12.738355357557984,10.892857142857142
2017-09-03 00:00:00+00:00,13.384615384615385,13.208867650121755,11.393749999999999
2017-09-04 00:00:00+00:00,8.153846153846153,7.986703169446436,6.800000000000001
2017-09-05 00:00:00+00:00,5.615384615384615,5.456488656706941,4.2749999999999995
2017-09-06 00:00:00+00:00,6.615384615384615,6.464389175019419,3.2266666666666666
2017-09-07 00:00:00+00:00,6.3076923076923075,6.164261944986652,2.9499999999999997
2017-09-08 00:00:00+00:00,9.0,8.863810181061602,4.041176470588235
2017-09-09 00:00:00+00:00,14.461538461538462,14.332275390249826,7.78888888888889
2017-09-10 00:00:00+00:00,6.3076923076923075,6.185052748516277,2.280952380952381
2017-09-11 00:00:00+00:00,6.230769230769231,6.114460324107044,5.15
2017-09-12 00:00:00+00:00,10.692307692307692,10.582046763149318,7.400000000000001
2017-09-13 00:00:00+00:00,5.076923076923077,4.972437437507404,2.8714285714285714
2017-09-14 00:00:00+00:00,4.615384615384615,4.516411362563998,1.9909090909090912
2017-09-15 00:00:00+00:00,4.615384615384615,4.521670423364584,1.975
2017-09-16 00:00:00+00:00,6.25,6.249866245648599,2.1449999999999996
2017-09-17 00:00:00+00:00,7.769230769230769,7.769084330822442,3.829411764705882
2017-09-18 00:00:00+00:00,8.846153846153847,8.845993584964274,5.79
2017-09-19 00:00:00+00:00,8.153846153846153,8.153670835241076,5.314285714285715
2017-09-20 00:00:00+00:00,4.3076923076923075,4.307500593646119,1.4749999999999996
2017-09-21 00:00:00+00:00,4.6923076923076925,4.692098133392259,2.630769230769231
2017-09-22 00:00:00+00:00,4.6923076923076925,4.6920787191184665,1.4333333333333333
2017-09-23 00:00:00+00:00,4.6923076923076925,4.692057606292593,0.4157894736842105
2017-09-24 00:00:00+00:00,2.230769230769231,2.230496194423987,-0.33529411764705885
2017-09-25 00:00:00+00:00,1.8461538461538463,1.845855872545769,-0.6785714285714286
2017-09-26 00:00:00+00:00,1.3076923076923077,1.3073672492726125,-1.0733333333333337
2017-09-27 00:00:00+00:00,1.9230769230769231,1.922722459739859,-0.11428571428571423
2017-09-28 00:00:00+00:00,4.0,3.9996136263451114,2.0153846153846158
2017-09-29 00:00:00+00:00,0.6153846153846154,0.6149636271364972,-1.4647058823529413
2017-09-30 00:00:00+00:00,3.4615384615384617,3.4610799410763478,-0.8444444444444444
2017-10-01 00:00:00+00:00,2.0,1.9995008009474662,-1.55
2017-10-02 00:00:00+00:00,2.5384615384615383,2.5379182692845035,0.6230769230769232
2017-10-03 00:00:00+00:00,3.5384615384615383,3.5378705450206103,-0.3090909090909089
2017-10-04 00:00:00+00:00,1.3076923076923077,1.3070496546933565,-0.9384615384615386
2017-10-05 00:00:00+00:00,0.38461538461538464,0.3839168359000255,-2.2142857142857144
2017-10-06 00:00:00+00:00,1.3076923076923077,1.3069333053077623,-2.8181818181818183
2017-10-07 00:00:00+00:00,0.46153846153846156,0.4607141035240285,-2.05
2017-10-08 00:00:00+00:00,0.0,-0.0008949831748824823,-2.6500000000000004
2017-10-09 00:00:00+00:00,2.076923076923077,2.0759518065097105,-0.4428571428571428
2017-10-10 00:00:00+00:00,4.0,3.998946361259833,1.9000000000000001
2017-10-11 00:00:00+00:00,2.769230769230769,2.7680882340454365,-0.10909090909090909
2017-10-12 00:00:00+00:00,0.07692307692307693,0.07568464049345873,-2.5785714285714287
2017-10-13 00:00:00+00:00,1.9230769230769231,1.921735072565313,-1.0090909090909093
2017-10-14 00:00:00+00:00,3.0,2.9985466813868107,0.8333333333333334
2017-10-15 00:00:00+00:00,1.0,0.9984265830745478,-1.025
2017-10-16 00:00:00+00:00,0.38461538461538464,0.3829126260182416,-2.8
2017-10-17 00:00:00+00:00,-2.0,-2.001841995767584,-5.288888888888889
2017-10-18 00:00:00+00:00,-1.3846153846153846,-1.3866072063013977,-4.9173913043478255
2017-10-19 00:00:00+00:00,0.0,-0.00215297291913305,-2.6772727272727277
2017-10-20 00:00:00+00:00,-2.076923076923077,-2.07924930857166,-4.576190476190476
2017-10-21 00:00:00+00:00,-2.3076923076923075,-2.3102047357522135,-5.659999999999999
2017-10-22 00:00:00+00:00,1.2307692307692308,1.228056787944777,-2.3375
2017-10-23 00:00:00+00:00,6.090909090909091,6.087981881233569,1.846666666666667
2017-10-24 00:00:00+00:00,0.38461538461538464,0.38145766653555996,-2.1941176470588237
2017-10-25 00:00:00+00:00,-1.3076923076923077,-1.3110973236975496,-3.711111111111111
2017-10-26 00:00:00+00:00,-3.4615384615384617,-3.4652086743240207,-6.2631578947368425
2017-10-27 00:00:00+00:00,-3.769230769230769,-3.773185251313463,-6.523809523809524
2017-10-28 00:00:00+00:00,-4.230769230769231,-4.235028295715902,-7.599999999999999
2017-10-29 00:00:00+00:00,-3.0,-3.00458527297332,-5.227777777777778
2017-10-30 00:00:00+00:00,-2.8461538461538463,-2.8510883377132537,-5.580952380952381
2017-10-31 00:00:00+00:00,-3.5384615384615383,-3.543769721716141,-6.355
2017-11-01 00:00:00+00:00,-6.6923076923076925,-6.698015583517032,-10.033333333333333
2017-11-02 00:00:00+00:00,-8.0,-8.006135242717297,-11.026086956521738
2017-11-03 00:00:00+00:00,-8.461538461538462,-8.468130414389316,-11.157142857142853
2017-11-04 00:00:00+00:00,-6.615384615384615,-6.622464443572066,-8.934999999999999
2017-11-05 00:00:00+00:00,-6.3076923076923075,-6.315293078316729,-8.36521739130435
2017-11-06 00:00:00+00:00,-5.461538461538462,-5.4696952428178305,-8.415789473684212
2017-11-07 00:00:00+00:00,-5.7272727272727275,-5.736022691745459,-8.80625
2017-11-08 00:00:00+00:00,-7.769230769230769,-7.778613301019437,-10.342857142857143
2017-11-09 00:00:00+00:00,-7.923076923076923,-7.933133729286833,-10.989473684210527
2017-11-10 00:00:00+00:00,-8.307692307692308,-8.318467534013994,-10.887500000000003
2017-11-11 00:00:00+00:00,-8.23076923076923,-8.24230958134847,-10.670833333333333
2017-11-12 00:00:00+00:00,-5.769230769230769,-5.781585630863717,-8.549999999999999
2017-11-13 00:00:00+00:00,-8.615384615384615,-8.628606186088987,-11.083333333333334
2017-11-14 00:00:00+00:00,-8.307692307692308,-8.32183572969834,-9.833333333333336
2017-11-15 00:00:00+00:00,-7.846153846153846,-7.861277343350809,-11.104166666666666
2017-11-16 00:00:00+00:00,-10.461538461538462,-10.47770348140404,-14.508333333333335
2017-11-17 00:00:00+00:00,-12.23076923076923,-12.248040590799762,-14.733333333333334
2017-11-18 00:00:00+00:00,-7.384615384615385,-7.403061423265117,-9.241666666666667
2017-11-19 00:00:00+00:00,-1.3076923076923077,-1.3273850398191511,-2.7291666666666665
2017-11-20 00:00:00+00:00,0.0,-0.021015276803941534,-1.4500000000000002
2017-11-21 00:00:00+00:00,-0.8461538461538461,-0.8685715195820798,-2.6375
2017-11-22 00:00:00+00:00,-7.230769230769231,-7.254673322349254,-9.016666666666667
2017-11-23 00:00:00+00:00,-6.923076923076923,-6.948555797125264,-9.641666666666666
2017-11-24 00:00:00+00:00,-8.692307692307692,-8.71945423344759,-12.429166666666667
2017-11-25 00:00:00+00:00,-7.75,-7.77891179490629,-12.086363636363641
2017-11-26 00:00:00+00:00,-10.307692307692308,-10.338471830965858,-12.861904761904762
2017-11-27 00:00:00+00:00,-8.538461538461538,-8.571216342519035,-11.029166666666663
2017-11-28 00:00:00+00:00,-8.923076923076923,-8.95791983192437,-10.44166666666667
2017-11-29 00:00:00+00:00,-7.769230769230769,-7.8062800759709905,-10.037500000000003
2017-11-30 00:00:00+00:00,-7.0,-7.039379667905569,-10.587499999999999
2017-12-01 00:00:00+00:00,-11.333333333333334,-11.375173200296794,-13.128571428571428
2017-12-02 00:00:00+00:00,-9.846153846153847,-9.890589832306816,-12.724999999999996
2017-12-03 00:00:00+00:00,-11.0,-11.047174318271802,-11.782608695652174
2017-12-04 00:00:00+00:00,-6.833333333333333,-6.883394702698228,-8.56086956521739
2017-12-05 00:00:00+00:00,-10.923076923076923,-10.976180784216751,-9.483333333333334
2017-12-06 00:00:00+00:00,-2.8461538461538463,-2.9024625792401455,-4.354166666666667
2017-12-07 00:00:00+00:00,-2.375,-2.4346831442762715,-4.947826086956522
2017-12-08 00:00:00+00:00,-6.8,-6.863234474820967,-9.981818181818182
2017-12-09 00:00:00+00:00,-11.0,-11.066970326960398,-12.55833333333333
2017-12-10 00:00:00+00:00,-13.2,-13.27089852576071,-14.68333333333333
2017-12-11 00:00:00+00:00,-13.0,-13.075027119394324,-15.579166666666666
2017-12-12 00:00:00+00:00,-13.4,-13.47936437897748,-16.175
2017-12-13 00:00:00+00:00,-15.307692307692308,-15.39161110563201,-16.870833333333334
2017-12-14 00:00:00+00:00,-15.384615384615385,-15.473314475514806,-16.321739130434786
2017-12-15 00:00:00+00:00,-9.23076923076923,-9.324483422789262,-11.683333333333335
2017-12-16 00:00:00+00:00,-8.8,-8.898973252820618,-12.675000000000002
2017-12-17 00:00:00+00:00,-16.22222222222222,-16.326707861637896,-19.545833333333338
2017-12-18 00:00:00+00:00,-16.666666666666668,-16.77692759582504,-19.120833333333334
2017-12-19 00:00:00+00:00,-16.0,-16.116308906662187,-17.041666666666668
2017-12-20 00:00:00+00:00,-18.46153846153846,-18.58417802071449,-18.495833333333337
2017-12-21 00:00:00+00:00,-15.75,-15.879263071288635,-19.42083333333333
2017-12-22 00:00:00+00:00,-24.153846153846153,-24.29003597278455,-26.495833333333337
2017-12-23 00:00:00+00:00,-18.53846153846154,-18.681891901167194,-21.77083333333334
2017-12-24 00:00:00+00:00,-16.90909090909091,-17.060086349456107,-18.525000000000002
2017-12-25 00:00:00+00:00,-18.4,-18.558895958677674,-22.291666666666668
2017-12-26 00:00:00+00:00,-18.846153846153847,-19.013296830553564,-24.679166666666664
2017-12-27 00:00:00+00:00,-17.0,-17.17574773449363,-21.683333333333337
2017-12-28 00:00:00+00:00,-19.46153846153846,-19.646260027057398,-24.09583333333333
2017-12-29 00:00:00+00:00,-24.0,-24.194075962189416,-27.362499999999997
2017-12-30 00:00:00+00:00,-25.923076923076923,-26.1268994481577,-28.583333333333332
2017-12-31 00:00:00+00:00,-26.0,-26.213972957475942,-29.816666666666663
2018-01-01 00:00:00+00:00,-26.46153846153846,-26.686077512874995,-30.114285714285717
2018-01-02 00:00:00+00:00,-29.428571428571427,-29.664104100962668,-31.61250000000001
2018-01-03 00:00:00+00:00,-30.56,-30.806965744333716,-30.163636363636364
2018-01-04 00:00:00+00:00,-28.666666666666668,-28.925516898791575,-29.921739130434784
2018-01-05 00:00:00+00:00,-28.63157894736842,-28.902777071765414,-29.69583333333333
2018-01-06 00:00:00+00:00,-22.076923076923077,-22.360944491881625,-25.369565217391305
2018-01-07 00:00:00+00:00,-21.76923076923077,-22.06656285263393,-26.07826086956521
2018-01-08 00:00:00+00:00,-19.76923076923077,-20.08037284405706,-21.849999999999998
2018-01-09 00:00:00+00:00,-18.95,-19.2754632786581,-22.325
2018-01-10 00:00:00+00:00,-25.428571428571427,-25.768878935194156,-27.729166666666668
2018-01-11 00:00:00+00:00,-28.0,-28.355686469837543,-31.004166666666666
2018-01-12 00:00:00+00:00,-29.941176470588236,-30.312788225657286,-32.112500000000004
2018-01-13 00:00:00+00:00,-26.761904761904763,-27.14999956206991,-28.441666666666652
2018-01-14 00:00:00+00:00,-24.846153846153847,-25.25130071484072,-27.900000000000006
2018-01-15 00:00:00+00:00,-23.307692307692307,-23.73047133145826,-25.83333333333334
2018-01-16 00:00:00+00:00,-25.46153846153846,-25.9025405627564,-29.191666666666666
2018-01-17 00:00:00+00:00,-28.53846153846154,-28.99828822040568,-28.90416666666667
2018-01-18 00:00:00+00:00,-23.923076923076923,-24.402339986735946,-24.724999999999998
2018-01-19 00:00:00+00:00,-22.153846153846153,-22.653167385829484,-23.95
2018-01-20 00:00:00+00:00,-19.23076923076923,-19.750780061715833,-21.2875
2018-01-21 00:00:00+00:00,-18.923076923076923,-19.464418056023373,-22.412500000000005
2018-01-22 00:00:00+00:00,-23.846153846153847,-24.40947485436921,-27.254166666666666
2018-01-23 00:00:00+00:00,-24.076923076923077,-24.66288197077254,-26.57916666666667
2018-01-24 00:00:00+00:00,-22.153846153846153,-22.76310891630312,-26.245833333333326
2018-01-25 00:00:00+00:00,-25.46153846153846,-26.094778552026217,-29.404166666666672
2018-01-26 00:00:00+00:00,-22.307692307692307,-22.965590134000927,-25.599999999999998
2018-01-27 00:00:00+00:00,-20.692307692307693,-21.37555005039995,-23.08333333333333
2018-01-28 00:00:00+00:00,-21.615384615384617,-22.324664096975802,-26.23333333333333
2018-01-29 00:00:00+00:00,-23.615384615384617,-24.351398983255496,-26.870833333333326
2018-01-30 00:00:00+00:00,-24.153846153846153,-24.917297684925675,-27.67083333333333
2018-01-31 00:00:00+00:00,-26.076923076923077,-26.868517873257534,-29.4375
2018-02-01 00:00:00+00:00,-27.846153846153847,-28.666601113962155,-32.42857142857143
2018-02-02 00:00:00+00:00,-30.384615384615383,-31.234626681715472,-34.433333333333344
2018-02-03 00:00:00+00:00,-32.15384615384615,-33.03413460582534,-36.24166666666665
2018-02-04 00:00:00+00:00,-30.307692307692307,-31.218971793284343,-32.604166666666664
2018-02-05 00:00:00+00:00,-25.0,-25.942984306223455,-29.8625
2018-02-06 00:00:00+00:00,-32.46153846153846,-33.436940409244556,-34.75000000000001
2018-02-07 00:00:00+00:00,-30.153846153846153,-31.162376694419354,-33.92083333333333
2018-02-08 00:00:00+00:00,-32.38461538461539,-33.42698266866614,-36.241666666666674
2018-02-09 00:00:00+00:00,-33.07692307692308,-34.15383149590948,-37.056521739130446
2018-02-10 00:00:00+00:00,-29.23076923076923,-30.342918432582007,-32.20416666666666
2018-02-11 00:00:00+00:00,-30.307692307692307,-31.455776187335974,-34.55833333333333
2018-02-12 00:00:00+00:00,-32.92307692307692,-34.10778258967799,-35.62083333333333
2018-02-13 00:00:00+00:00,-28.923076923076923,-30.145083644548144,-30.67083333333333
2018-02-14 00:00:00+00:00,-24.307692307692307,-25.56767043447936,-28.816666666666674
2018-02-15 00:00:00+00:00,-29.23076923076923,-30.52937910020263,-33.17916666666667
2018-02-16 00:00:00+00:00,-28.846153846153847,-30.184044669024104,-33.325
2018-02-17 00:00:00+00:00,-30.615384615384617,-31.99319334645225,-33.71666666666666
2018-02-18 00:00:00+00:00,-22.076923076923077,-23.495273271166674,-27.054166666666664
2018-02-19 00:00:00+00:00,-32.76923076923077,-34.228731425725485,-35.375
2018-02-20 00:00:00+00:00,-25.923076923076923,-27.424321318482523,-31.24285714285715
2018-02-21 00:00:00+00:00,-25.076923076923077,-26.620487590643954,-30.48
2018-02-22 00:00:00+00:00,-25.23076923076923,-26.81721216392909,-29.060000000000002
2018-02-23 00:00:00+00:00,-20.384615384615383,-22.014475775065492,-25.283333333333328
2018-02-24 00:00:00+00:00,-23.076923076923077,-24.75071951257522,-26.266666666666655
2018-02-25 00:00:00+00:00,-15.153846153846153,-16.87207558668911,-18.17083333333333
2018-02-26 00:00:00+00:00,-11.846153846153847,-13.609290409375145,-15.620833333333332
2018-02-27 00:00:00+00:00,-13.0,-14.808493830692331,-16.295833333333338
2018-02-28 00:00:00+00:00,-11.153846153846153,-13.008122223830147,-17.370833333333334
2018-03-01 00:00:00+00:00,-13.23076923076923,-15.131226188110666,-18.45714285714286
2018-03-02 00:00:00+00:00,-13.153846153846153,-15.10085517768604,-16.462499999999995
2018-03-03 00:00:00+00:00,-9.923076923076923,-11.916980594426787,-14.608695652173916
2018-03-04 00:00:00+00:00,-12.461538461538462,-14.502649652720477,-16.470833333333335
2018-03-05 00:00:00+00:00,-10.615384615384615,-12.703985400816535,-14.937500000000002
2018-03-06 00:00:00+00:00,-10.923076923076923,-13.059417514114992,-11.70833333333333
2018-03-07 00:00:00+00:00,-9.615384615384615,-11.799682321943454,-12.195833333333333
2018-03-08 00:00:00+00:00,-6.769230769230769,-9.0016689908975,-12.0
2018-03-09 00:00:00+00:00,-5.769230769230769,-8.04995801858119,-11.337499999999997
2018-03-10 00:00:00+00:00,-7.6923076923076925,-10.021436653114947,-15.5
2018-03-11 00:00:00+00:00,-9.0,-11.377606623000876,-18.125000000000004
2018-03-12 00:00:00+00:00,-9.076923076923077,-11.50304571577361,-15.770833333333336
2018-03-13 00:00:00+00:00,-11.23076923076923,-13.705407820779719,-17.5125
2018-03-14 00:00:00+00:00,-11.615384615384615,-14.138499897574327,-18.570833333333333
2018-03-15 00:00:00+00:00,-20.53846153846154,-23.10997433141543,-24.879166666666674
2018-03-16 00:00:00+00:00,-20.692307692307693,-23.312098214251225,-23.813043478260873
2018-03-17 00:00:00+00:00,-11.384615384615385,-14.052522628049283,-15.7875
2018-03-18 00:00:00+00:00,-7.461538461538462,-10.177359622692734,-13.441666666666668
2018-03-19 00:00:00+00:00,-7.615384615384615,-10.378874580660975,-13.360000000000003
2018-03-20 00:00:00+00:00,-12.615384615384615,-15.426255506858206,-16.687500000000004
2018-03-21 00:00:00+00:00,-8.23076923076923,-11.088690012714844,-13.745833333333335
2018-03-22 00:00:00+00:00,-13.461538461538462,-16.366134609833225,-18.825
2018-03-23 00:00:00+00:00,-16.153846153846153,-19.10469938998029,-21.904166666666665
2018-03-24 00:00:00+00:00,-14.615384615384615,-17.612032706684587,-17.0125
2018-03-25 00:00:00+00:00,-9.23076923076923,-12.272705858303588,-11.808333333333332
2018-03-26 00:00:00+00:00,-5.3076923076923075,-8.394367003190412,-12.549999999999999
2018-03-27 00:00:00+00:00,-12.538461538461538,-15.669279691429011,-17.787499999999998
2018-03-28 00:00:00+00:00,-12.461538461538462,-15.635861397601529,-16.045833333333334
2018-03-29 00:00:00+00:00,-7.846153846153846,-11.063298977507742,-16.0125
2018-03-30 00:00:00+00:00,-14.923076923076923,-18.182317971751843,-21.90833333333333
2018-03-31 00:00:00+00:00,-16.76923076923077,-20.069798063722853,-24.200000000000006
2018-04-01 00:00:00+00:00,-17.307692307692307,-20.648773153337395,-19.974999999999998
2018-04-02 00:00:00+00:00,-14.538461538461538,-17.919200661756225,-20.45
2018-04-03 00:00:00+00:00,-14.846153846153847,-18.265653913052525,-20.979166666666668
2018-04-04 00:00:00+00:00,-8.0,-11.457322208038345,-14.191666666666668
2018-04-05 00:00:00+00:00,-2.0,-5.494164743915402,-8.64782608695652
2018-04-06 00:00:00+00:00,-1.3076923076923077,-4.83767991803069,-9.0
2018-04-07 00:00:00+00:00,-4.538461538461538,-8.103213092478276,-9.05
2018-04-08 00:00:00+00:00,-5.461538461538462,-9.059956665519389,-12.29166666666667
2018-04-09 00:00:00+00:00,-8.153846153846153,-11.784796295793472,-17.066666666666666
2018-04-10 00:00:00+00:00,-12.692307692307692,-16.354618663755602,-21.46666666666667
2018-04-11 00:00:00+00:00,-10.23076923076923,-13.923234616315774,-16.1125
2018-04-12 00:00:00+00:00,-5.846153846153846,-9.56753307911953,-11.329166666666667
2018-04-13 00:00:00+00:00,-10.307692307692308,-14.056711890143019,-16.733333333333338
2018-04-14 00:00:00+00:00,-9.538461538461538,-13.313816323663712,-16.19166666666667
2018-04-15 00:00:00+00:00,-5.461538461538462,-9.26189299674897,-12.508333333333333
2018-04-16 00:00:00+00:00,-4.076923076923077,-7.900913004255477,-10.41666666666667
2018-04-17 00:00:00+00:00,-3.6923076923076925,-7.5385412052607705,-8.908333333333333
2018-04-18 00:00:00+00:00,-5.384615384615385,-9.251674737699998,-9.966666666666669
2018-04-19 00:00:00+00:00,-8.692307692307692,-12.578750761064184,-12.141666666666666
2018-04-20 00:00:00+00:00,-2.4615384615384617,-6.365900350099944,-10.325000000000001
2018-04-21 00:00:00+00:00,-1.5384615384615385,-5.45925623168856,-7.925
2018-04-22 00:00:00+00:00,-3.5384615384615383,-7.474183595551572,-7.362500000000001
2018-04-23 00:00:00+00:00,-5.076923076923077,-9.026049363284239,-13.879166666666668
2018-04-24 00:00:00+00:00,-6.615384615384615,-10.576376069457554,-14.14583333333333
2018-04-25 00:00:00+00:00,-7.6923076923076925,-11.663611123922946,-11.1
2018-04-26 00:00:00+00:00,-8.23076923076923,-12.21081914753996,-15.266666666666664
2018-04-27 00:00:00+00:00,-12.384615384615385,-16.37183584278752,-18.6375
2018-04-28 00:00:00+00:00,-11.846153846153847,-15.838960322267596,-15.391666666666667
2018-04-29 00:00:00+00:00,-7.6923076923076925,-11.689108971966428,-9.924999999999999
2018-04-30 00:00:00+00:00,-7.3076923076923075,-11.306892387686975,-12.045833333333333
2018-05-01 00:00:00+00:00,-8.76923076923077,-12.76923076923077,-13.624999999999998
2018-05-02 00:00:00+00:00,-8.0,-11.999200079994667,-13.83333333333333
2018-05-03 00:00:00+00:00,-5.230769230769231,-9.227570510427967,-9.933333333333332
2018-05-04 00:00:00+00:00,-2.3076923076923075,-6.3004987838060575,-7.470833333333334
2018-05-05 00:00:00+00:00,-5.153846153846154,-9.141066612018287,-10.450000000000001
2018-05-06 00:00:00+00:00,-6.153846153846154,-10.133896070616885,-12.208333333333334
2018-05-07 00:00:00+00:00,-7.153846153846154,-11.125149585461408,-11.062499999999998
2018-05-08 00:00:00+00:00,-3.230769230769231,-7.19176068484217,-8.575000000000001
2018-05-09 00:00:00+00:00,-5.6923076923076925,-9.641433978668854,-11.095833333333333
2018-05-10 00:00:00+00:00,-5.625,-9.560722057090032,-10.770833333333334
2018-05-11 00:00:00+00:00,-5.1875,-9.108294693227021,-10.216666666666667
2018-05-12 00:00:00+00:00,-5.923076923076923,-9.827438811638405,-10.700000000000001
2018-05-13 00:00:00+00:00,-5.615384615384615,-9.501827684141107,-12.391666666666666
2018-05-14 00:00:00+00:00,-5.538461538461538,-9.405520891546152,-12.091666666666667
2018-05-15 00:00:00+00:00,-4.6923076923076925,-8.53854120526077,-10.233333333333334
2018-05-16 00:00:00+00:00,-2.1538461538461537,-5.977836081178554,-8.031818181818181
2018-05-17 00:00:00+00:00,-0.7692307692307693,-4.5695853044412775,-6.416666666666665
2018-05-18 00:00:00+00:00,-2.6923076923076925,-6.467662477509865,-7.354166666666667
2018-05-19 00:00:00+00:00,-1.6153846153846154,-5.364404197835326,-8.295833333333333
2018-05-20 00:00:00+00:00,1.0,-2.7213792329656834,-8.14583333333333
2018-05-21 00:00:00+00:00,2.3846153846153846,-1.3078500009311589,-5.999999999999999
2018-05-22 00:00:00+00:00,-2.0,-5.66231097144791,-6.833333333333335
2018-05-23 00:00:00+00:00,-1.4615384615384615,-5.09248860348578,-6.574999999999998
2018-05-24 00:00:00+00:00,0.15384615384615385,-3.4445720501347727,-6.283333333333335
2018-05-25 00:00:00+00:00,-0.6923076923076923,-4.25705924632443,-6.145833333333333
2018-05-26 00:00:00+00:00,-0.6153846153846154,-4.145372225722998,-6.141666666666668
2018-05-27 00:00:00+00:00,2.076923076923077,-1.4172416669923242,-2.6291666666666664
2018-05-28 00:00:00+00:00,2.0,-1.4573222080383448,-1.1624999999999999
2018-05-29 00:00:00+00:00,0.8461538461538461,-2.573346220744832,-3.6583333333333328
2018-05-30 00:00:00+00:00,5.384615384615385,2.003876261320699,-0.17499999999999993
2018-05-31 00:00:00+00:00,1.3076923076923077,-2.0333885379527805,-3.858333333333334
2018-06-01 00:00:00+00:00,-0.7692307692307693,-4.069798063722853,-5.949999999999999
2018-06-02 00:00:00+00:00,-0.6153846153846154,-3.8746256640595336,-4.041666666666667
2018-06-03 00:00:00+00:00,0.38461538461538464,-2.8325297467385115,-3.6833333333333336
2018-06-04 00:00:00+00:00,-0.23076923076923078,-3.405092166832298,-4.775
2018-06-05 00:00:00+00:00,0.46153846153846156,-2.6692796914290113,-3.841666666666667
2018-06-06 00:00:00+00:00,0.9230769230769231,-2.1635977724211815,-3.0833333333333326
2018-06-07 00:00:00+00:00,2.076923076923077,-0.9650135506112814,-2.5875
2018-06-08 00:00:00+00:00,2.6153846153846154,-0.38126347591535525,-1.3874999999999995
2018-06-09 00:00:00+00:00,2.6153846153846154,-0.335468620749523,-1.6458333333333333
2018-06-10 00:00:00+00:00,8.384615384615385,5.480019236320622,1.3708333333333333
2018-06-11 00:00:00+00:00,3.3846153846153846,0.5266946026697701,-0.3166666666666666
2018-06-12 00:00:00+00:00,7.153846153846154,4.342975262372563,-0.9666666666666663
2018-06-13 00:00:00+00:00,9.307692307692308,6.544202342415948,2.65
2018-06-14 00:00:00+00:00,5.076923076923077,2.3611019157688045,3.229166666666666
2018-06-15 00:00:00+00:00,10.23076923076923,7.5628619873353315,3.7208333333333328
2018-06-16 00:00:00+00:00,10.0,7.380209478056467,5.258333333333333
2018-06-17 00:00:00+00:00,12.307692307692308,9.73617951473842,6.9875
2018-06-18 00:00:00+00:00,9.0,6.476884717810287,2.895833333333334
2018-06-19 00:00:00+00:00,3.3076923076923075,0.8330537176818176,-0.34166666666666673
2018-06-20 00:00:00+00:00,3.3076923076923075,0.8815696688417738,-0.2666666666666666
2018-06-21 00:00:00+00:00,5.0,2.622393376999125,1.2375
2018-06-22 00:00:00+00:00,3.230769230769231,0.9016402699619772,-0.7499999999999999
2018-06-23 00:00:00+00:00,3.6153846153846154,1.334657366034195,0.16666666666666666
2018-06-24 00:00:00+00:00,6.769230769230769,4.536792547564039,2.5875
2018-06-25 00:00:00+00:00,5.461538461538462,3.2772407549796236,1.7750000000000001
2018-06-26 00:00:00+00:00,4.3076923076923075,2.171351716654239,0.8500000000000001
2018-06-27 00:00:00+00:00,5.384615384615385,3.2960145991834655,1.333333333333333
2018-06-28 00:00:00+00:00,3.230769230769231,1.1896580395872154,0.09166666666666669
2018-06-29 00:00:00+00:00,4.538461538461538,2.5445578671116738,-0.041666666666666734
2018-06-30 00:00:00+00:00,7.230769230769231,5.283760206929344,4.4
2018-07-01 00:00:00+00:00,13.384615384615385,11.484158427273949,6.475
2018-07-02 00:00:00+00:00,11.0,9.145723930016006,7.004166666666669
2018-07-03 00:00:00+00:00,5.3076923076923075,3.4991984769999758,2.4416666666666664
2018-07-04 00:00:00+00:00,12.307692307692308,10.54455574447101,7.154166666666669
2018-07-05 00:00:00+00:00,11.76923076923077,10.051001336387813,5.8374999999999995
2018-07-06 00:00:00+00:00,11.692307692307692,10.01851125665555,6.8
2018-07-07 00:00:00+00:00,11.538461538461538,9.908601148011428,10.537500000000001
2018-07-08 00:00:00+00:00,10.923076923076923,9.336633989917063,8.174999999999999
2018-07-09 00:00:00+00:00,9.692307692307692,8.148743178586816,6.720833333333332
2018-07-10 00:00:00+00:00,4.076923076923077,2.5756786815174784,2.9125
2018-07-11 00:00:00+00:00,13.153846153846153,11.694345497351437,13.078260869565215
2018-07-12 00:00:00+00:00,21.46153846153846,20.043188267294862,15.429166666666667
2018-07-13 00:00:00+00:00,22.923076923076923,21.54526819200929,17.429166666666664
2018-07-14 00:00:00+00:00,15.153846153846153,13.815955330975896,16.291666666666668
2018-07-15 00:00:00+00:00,4.923076923076923,3.6244670536435244,5.995833333333334
2018-07-16 00:00:00+00:00,4.230769230769231,2.9707911039821773,2.775
2018-07-17 00:00:00+00:00,4.3076923076923075,3.0856855862210866,1.4291666666666665
2018-07-18 00:00:00+00:00,6.230769230769231,5.046063564168164,2.654166666666666
2018-07-19 00:00:00+00:00,5.6923076923076925,4.544223812664023,3.46875
2018-07-20 00:00:00+00:00,15.307692307692308,14.195543105879532,10.554166666666669
2018-07-21 00:00:00+00:00,13.692307692307692,12.615399273321295,12.533333333333337
2018-07-22 00:00:00+00:00,11.461538461538462,10.419171177487705,11.616666666666667
2018-07-23 00:00:00+00:00,11.153846153846153,10.145315613272953,8.120833333333332
2018-07-24 00:00:00+00:00,10.384615384615385,9.409213436909287,3.576923076923077
2018-07-25 00:00:00+00:00,17.76923076923077,16.826246463007315,15.041666666666666
2018-07-26 00:00:00+00:00,9.846153846153847,8.93487436056181,4.970833333333333
2018-07-27 00:00:00+00:00,10.461538461538462,9.581250009559279,5.466666666666666
2018-07-28 00:00:00+00:00,20.307692307692307,19.457681010592218,13.108333333333334
2018-07-29 00:00:00+00:00,7.769230769230769,6.9487835014224615,7.55
2018-07-30 00:00:00+00:00,6.769230769230769,5.97763597289631,3.6652173913043478
2018-07-31 00:00:00+00:00,10.0,9.236548468920478,5.8875
2018-08-01 00:00:00+00:00,9.23076923076923,8.49475486289835,4.8375
2018-08-02 00:00:00+00:00,12.76923076923077,12.059951287639585,6.445833333333334
2018-08-03 00:00:00+00:00,5.923076923076923,5.239834564984664,4.304166666666666
2018-08-04 00:00:00+00:00,11.384615384615385,10.726717558306765,7.761904761904762
2018-08-05 00:00:00+00:00,13.153846153846153,12.520606063358398,9.183333333333334
2018-08-06 00:00:00+00:00,6.0,5.390737237543032,5.295833333333333
2018-08-07 00:00:00+00:00,16.384615384615383,15.79865649076592,10.795833333333333
2018-08-08 00:00:00+00:00,12.692307692307692,12.128986684092325,10.554166666666665
2018-08-09 00:00:00+00:00,12.923076923076923,12.381735790130472,8.6625
2018-08-10 00:00:00+00:00,10.307692307692308,9.787681476745703,7.154166666666666
2018-08-11 00:00:00+00:00,15.384615384615385,14.885294152632053,9.233333333333333
2018-08-12 00:00:00+00:00,12.538461538461538,12.059198474802514,7.3826086956521735
2018-08-13 00:00:00+00:00,7.0,6.54017331805586,4.666666666666665
2018-08-14 00:00:00+00:00,5.923076923076923,5.4820748218589825,5.0375
2018-08-15 00:00:00+00:00,11.23076923076923,10.807990207003275,6.7250000000000005
2018-08-16 00:00:00+00:00,9.846153846153847,9.441006977466973,6.425000000000001
2018-08-17 00:00:00+00:00,5.615384615384615,5.227289815219467,5.325
2018-08-18 00:00:00+00:00,10.076923076923077,9.705311321854026,7.000000000000001
2018-08-19 00:00:00+00:00,9.846153846153847,9.490467376316301,7.233333333333333
2018-08-20 00:00:00+00:00,6.384615384615385,6.044307877992657,2.995833333333333
2018-08-21 00:00:00+00:00,8.23076923076923,7.905305952111129,4.3619047619047615
2018-08-22 00:00:00+00:00,10.461538461538462,10.150396386712172,5.7727272727272725
2018-08-23 00:00:00+00:00,9.923076923076923,9.625744839673764,5.204166666666668
2018-08-24 00:00:00+00:00,6.230769230769231,5.946747815810683,2.625
2018-08-25 00:00:00+00:00,5.461538461538462,5.19034033714147,2.6333333333333333
2018-08-26 00:00:00+00:00,7.846153846153846,7.587303614028938,3.7791666666666663
2018-08-27 00:00:00+00:00,5.384615384615385,5.137649640281668,1.4874999999999998
2018-08-28 00:00:00+00:00,2.769230769230769,2.5336980968395277,0.3916666666666668
2018-08-29 00:00:00+00:00,3.1538461538461537,2.9293071025096187,1.0999999999999999
2018-08-30 00:00:00+00:00,6.076923076923077,5.8629501194471345,2.9958333333333336
2018-08-31 00:00:00+00:00,6.769230769230769,6.565408244149992,4.887499999999999
