dates,Q_R_uncorrected,Q_R_corrected,Q_EC
2015-10-08 00:00:00+00:00,-0.307692307692,-0.308516665707,-0.733333333333
2015-10-09 00:00:00+00:00,-1.53846153846,-1.53935652164,-2.2
2015-10-11 00:00:00+00:00,-0.692307692308,-0.693361331048,-1.46
2015-10-12 00:00:00+00:00,-0.692307692308,-0.693450227493,-0.9
2015-10-13 00:00:00+00:00,-1.84615384615,-1.84739228258,-3.31
2015-10-14 00:00:00+00:00,-2.36363636364,-2.36497821415,-2.97
2015-10-15 00:00:00+00:00,-1.76923076923,-1.77068408784,-1.93
2015-10-17 00:00:00+00:00,-2.53846153846,-2.54016429706,-2.8
2015-10-18 00:00:00+00:00,-3.30769230769,-3.30953430346,-4.02
2015-10-19 00:00:00+00:00,-3.15384615385,-3.15583797553,-2.71
2015-10-20 00:00:00+00:00,-0.846153846154,-0.848306819073,-1.01
2015-10-21 00:00:00+00:00,-1.92307692308,-1.92540315473,-2.32
2015-10-22 00:00:00+00:00,-2.69230769231,-2.69482012037,-2.72
2015-10-23 00:00:00+00:00,-4.46153846154,-4.46425090436,-4.94
2015-10-24 00:00:00+00:00,-2.0,-2.00292720968,-1.32
2015-10-25 00:00:00+00:00,-4.25,-4.25315771808,-4.74
2015-10-26 00:00:00+00:00,-6.69230769231,-6.69571270831,-7.38
2015-10-27 00:00:00+00:00,-6.84615384615,-6.84982405894,-7.28
2015-10-28 00:00:00+00:00,-4.33333333333,-4.33728781542,-5.34
2015-10-29 00:00:00+00:00,-5.07692307692,-5.08118214187,-4.43076923077
2015-10-30 00:00:00+00:00,-1.38461538462,-1.38920065759,-0.9375
2015-10-31 00:00:00+00:00,-5.15384615385,-5.15878064541,-5.47
2015-11-01 00:00:00+00:00,-7.38461538462,-7.38992356787,-7.7
2015-11-02 00:00:00+00:00,-4.08333333333,-4.08904122454,-9.5
2015-11-03 00:00:00+00:00,-4.84615384615,-4.85228908887,-4.85
2015-11-04 00:00:00+00:00,-3.0,-3.00659195285,-3.2125
2015-11-05 00:00:00+00:00,-6.75,-6.75707982819,-7.62
2015-11-06 00:00:00+00:00,-5.53846153846,-5.54606230909,-5.31666666667
2015-11-07 00:00:00+00:00,-2.92307692308,-2.93123370436,-3.0
2015-11-08 00:00:00+00:00,-6.08333333333,-6.09208329781,-6.73
2015-11-09 00:00:00+00:00,-6.07692307692,-6.08630560871,-6.69
2015-11-10 00:00:00+00:00,-7.76923076923,-7.77928757544,-8.04
2015-11-11 00:00:00+00:00,-7.92307692308,-7.9338521494,-8.08
2015-11-12 00:00:00+00:00,-5.61538461538,-5.62692496596,-5.81
2015-11-13 00:00:00+00:00,-6.69230769231,-6.70466255394,-6.81
2015-11-14 00:00:00+00:00,-5.38461538462,-5.39783695532,-4.7
2015-11-15 00:00:00+00:00,-1.76923076923,-1.78337419124,-1.74
2015-11-16 00:00:00+00:00,-2.46153846154,-2.47666195874,-3.06923076923
2015-11-17 00:00:00+00:00,-4.0,-4.01616501987,-4.36
2015-11-18 00:00:00+00:00,-4.0,-4.01727136003,-3.6
2015-11-19 00:00:00+00:00,0.0,-0.0184460386497,0.79
2015-11-20 00:00:00+00:00,0.846153846154,0.826461114027,0.96
2015-11-21 00:00:00+00:00,-3.53846153846,-3.55947681527,-3.5
2015-11-22 00:00:00+00:00,-5.15384615385,-5.17626382727,-5.53
2015-11-23 00:00:00+00:00,-7.15384615385,-7.17775024543,-6.8
2015-11-24 00:00:00+00:00,-9.61538461538,-9.64086348943,-9.35
2015-11-25 00:00:00+00:00,-9.58333333333,-9.61047987447,-10.43
2015-11-26 00:00:00+00:00,-8.76923076923,-8.79814256414,-8.52
2015-11-27 00:00:00+00:00,-16.7692307692,-16.8000102925,-17.33
2015-11-28 00:00:00+00:00,-16.8461538462,-16.8789086502,-16.4666666667
2015-11-29 00:00:00+00:00,-14.6923076923,-14.7271506012,-14.79
2015-12-01 00:00:00+00:00,-13.9230769231,-13.962456591,-14.62
2015-12-02 00:00:00+00:00,-18.6153846154,-18.6572244823,-19.25
2015-12-03 00:00:00+00:00,-17.7692307692,-17.8136667554,-18.2125
2015-12-04 00:00:00+00:00,-18.1538461538,-18.2010204721,-18.7
2015-12-07 00:00:00+00:00,-16.4615384615,-16.5178471946,-16.5875
2015-12-08 00:00:00+00:00,-17.4615384615,-17.5212216058,-20.025
2015-12-09 00:00:00+00:00,-15.5384615385,-15.6016960133,-17.3909090909
2015-12-10 00:00:00+00:00,-7.0,-7.06697032696,-6.875
2015-12-11 00:00:00+00:00,-4.46153846154,-4.5324369873,-4.4875
2015-12-14 00:00:00+00:00,-12.8461538462,-12.9300726441,-12.81
2015-12-15 00:00:00+00:00,-13.7692307692,-13.8579298601,-13.8666666667
2015-12-16 00:00:00+00:00,-17.6153846154,-17.7090988074,-18.37
2015-12-17 00:00:00+00:00,-18.0,-18.0989732528,-18.0555555556
2015-12-18 00:00:00+00:00,-15.3846153846,-15.489101024,-15.3
2015-12-19 00:00:00+00:00,-11.9230769231,-12.0333378522,-11.99
2015-12-20 00:00:00+00:00,-20.1538461538,-20.2701550605,-20.4
2015-12-22 00:00:00+00:00,-20.3846153846,-20.5138784559,-21.48
2015-12-23 00:00:00+00:00,-18.7692307692,-18.9054205882,-19.9666666667
2015-12-24 00:00:00+00:00,-9.23076923077,-9.37419959347,-7.61
2015-12-27 00:00:00+00:00,-15.8461538462,-16.0132968306,-15.13
2015-12-28 00:00:00+00:00,-19.3846153846,-19.5603631191,-19.175
2015-12-29 00:00:00+00:00,-19.4615384615,-19.6462600271,-19.4125
2015-12-30 00:00:00+00:00,-15.5384615385,-15.7325375007,-15.0125
2015-12-31 00:00:00+00:00,-17.2307692308,-17.4345917559,-17.15
2016-01-04 00:00:00+00:00,-19.2307692308,-19.4777349751,-19.7875
2016-01-05 00:00:00+00:00,-23.6153846154,-23.8742348475,-23.1875
2016-01-06 00:00:00+00:00,-20.3846153846,-20.655813509,-19.8375
2016-01-07 00:00:00+00:00,-18.3076923077,-18.5917137227,-18.6875
2016-01-08 00:00:00+00:00,-21.0,-21.2973320834,-22.5375
2016-01-11 00:00:00+00:00,-3.07692307692,-3.41723058355,-2.19
2016-01-12 00:00:00+00:00,-2.38461538462,-2.74030185445,-2.16
2016-01-13 00:00:00+00:00,-22.2307692308,-22.6023809858,-23.5272727273
2016-01-14 00:00:00+00:00,-16.0,-16.3880948002,-14.2
2016-01-15 00:00:00+00:00,-12.2307692308,-12.6359160995,-11.62
2016-01-16 00:00:00+00:00,-6.76923076923,-7.192009793,-6.79
2016-01-17 00:00:00+00:00,-6.46153846154,-6.90254056276,-7.11
2016-01-18 00:00:00+00:00,-9.61538461538,-10.0752112973,-9.38
2016-01-19 00:00:00+00:00,-11.0769230769,-11.5561861406,-11.36
2016-01-20 00:00:00+00:00,-15.0769230769,-15.5762443089,-15.43
2016-01-21 00:00:00+00:00,-17.7692307692,-18.2892416002,-18.68
2016-01-22 00:00:00+00:00,-21.5384615385,-22.0798026714,-22.18
2016-01-23 00:00:00+00:00,-22.0,-22.5633210082,-23.15
2016-01-24 00:00:00+00:00,-24.0769230769,-24.6628819708,-24.88
2016-01-25 00:00:00+00:00,-26.1538461538,-26.7631089163,-26.05
2016-01-26 00:00:00+00:00,-23.8461538462,-24.4793939366,-25.43
2016-01-27 00:00:00+00:00,-25.0,-25.6578978263,-25.91
2016-01-28 00:00:00+00:00,-25.3076923077,-25.9909346658,-26.0
2016-01-29 00:00:00+00:00,-24.3846153846,-25.0938948662,-27.04
2016-01-30 00:00:00+00:00,-26.8461538462,-27.582168214,-30.56
2016-01-31 00:00:00+00:00,-22.9230769231,-23.6865284542,-21.19
2016-02-01 00:00:00+00:00,-16.3846153846,-17.1762101809,-16.23
2016-02-02 00:00:00+00:00,-20.0769230769,-20.8973703447,-21.81
2016-02-03 00:00:00+00:00,-20.1538461538,-21.0038574509,-21.3
2016-02-04 00:00:00+00:00,-23.8461538462,-24.7264422981,-25.01
2016-02-05 00:00:00+00:00,-22.9230769231,-23.8343564087,-25.48
2016-02-06 00:00:00+00:00,-24.3076923077,-25.2506766139,-24.78
2016-02-07 00:00:00+00:00,-21.6923076923,-22.66770964,-22.48
2016-02-08 00:00:00+00:00,-24.3846153846,-25.3931459252,-26.51
2016-02-09 00:00:00+00:00,-20.9230769231,-21.9654442071,-21.92
2016-02-10 00:00:00+00:00,-14.7692307692,-15.8461391882,-15.29
2016-02-11 00:00:00+00:00,-12.7692307692,-13.881379971,-13.7
2016-02-12 00:00:00+00:00,-15.8461538462,-16.9942377258,-15.97
2016-02-13 00:00:00+00:00,-17.2307692308,-18.4154748974,-17.07
2016-02-14 00:00:00+00:00,-17.2307692308,-18.4527759522,-17.26
2016-02-15 00:00:00+00:00,-16.5384615385,-17.7984396652,-17.65
2016-02-16 00:00:00+00:00,-15.6153846154,-16.9139944848,-16.31
2016-02-17 00:00:00+00:00,-18.4615384615,-19.7994292844,-21.16
2016-02-18 00:00:00+00:00,-23.3846153846,-24.7624241157,-27.51
2016-02-19 00:00:00+00:00,-22.7692307692,-24.1875809635,-26.46
2016-02-20 00:00:00+00:00,-12.3846153846,-13.8441160411,-11.7
2016-02-21 00:00:00+00:00,-19.7692307692,-21.2704751646,-23.22
2016-02-23 00:00:00+00:00,-27.3846153846,-28.9710583178,-27.51
2016-02-24 00:00:00+00:00,-26.0,-27.6298603905,-26.9666666667
2016-02-25 00:00:00+00:00,-23.7692307692,-25.4430272049,-25.54
2016-02-26 00:00:00+00:00,-22.6923076923,-24.4105371252,-24.38
2016-02-27 00:00:00+00:00,-21.4615384615,-23.2246750248,-23.51
2016-02-28 00:00:00+00:00,-18.0,-19.8084938307,-18.69
2016-02-29 00:00:00+00:00,-19.7692307692,-21.6235068392,-21.36
2016-03-01 00:00:00+00:00,-21.5384615385,-23.4389184958,-22.57
2016-03-02 00:00:00+00:00,-20.4615384615,-22.4085474854,-21.26
2016-03-03 00:00:00+00:00,-17.3846153846,-19.378519056,-19.03
2016-03-04 00:00:00+00:00,-15.5384615385,-17.5795727296,-15.5
2016-03-05 00:00:00+00:00,-15.9230769231,-18.0116777085,-18.56
2016-03-06 00:00:00+00:00,-22.3846153846,-24.5209559757,-22.69
2016-03-07 00:00:00+00:00,-16.8461538462,-19.0304515527,-15.6
2016-03-09 00:00:00+00:00,-17.9230769231,-20.2038041724,-19.39
2016-03-10 00:00:00+00:00,-18.3846153846,-20.7137443454,-19.5
2016-03-11 00:00:00+00:00,-18.0,-20.377606623,-19.37
2016-03-12 00:00:00+00:00,-18.6153846154,-21.0415072542,-20.0
2016-03-13 00:00:00+00:00,-16.7692307692,-19.2438693592,-18.93
2016-03-14 00:00:00+00:00,-12.6923076923,-15.2154229745,-12.64
2016-03-15 00:00:00+00:00,-8.15384615385,-10.7253589468,-10.54
2016-03-16 00:00:00+00:00,-14.3846153846,-17.0044059066,-16.77
2016-03-17 00:00:00+00:00,-17.4615384615,-20.129445705,-18.32
2016-03-18 00:00:00+00:00,-15.9230769231,-18.6388980842,-16.69
2016-03-19 00:00:00+00:00,-14.8461538462,-17.6096438114,-16.51
2016-03-20 00:00:00+00:00,-13.2307692308,-16.0416401222,-17.22
2016-03-21 00:00:00+00:00,-11.7692307692,-14.6271515512,-15.21
2016-03-22 00:00:00+00:00,-19.2307692308,-22.1353653791,-24.51
2016-03-23 00:00:00+00:00,-15.0769230769,-18.0277763131,-16.81
2016-03-25 00:00:00+00:00,-15.8461538462,-18.8880904737,-18.12
2016-03-26 00:00:00+00:00,-15.6153846154,-18.7020593109,-20.51
2016-03-27 00:00:00+00:00,-14.4615384615,-17.5923566145,-16.57
2016-03-29 00:00:00+00:00,-7.76923076923,-10.9863759006,-18.31
2016-03-30 00:00:00+00:00,-9.84615384615,-13.1053948948,-17.01
2016-03-31 00:00:00+00:00,-15.1538461538,-18.4544134483,-20.75
2016-04-01 00:00:00+00:00,-11.9230769231,-15.2641577687,-15.45
2016-04-02 00:00:00+00:00,-8.07692307692,-11.4576622002,-10.43
2016-04-03 00:00:00+00:00,-6.0,-9.4195000669,-13.24
2016-04-04 00:00:00+00:00,-12.6923076923,-16.1496299003,-17.09
2016-04-05 00:00:00+00:00,-14.4615384615,-17.9557032055,-16.93
2016-04-06 00:00:00+00:00,-18.2307692308,-21.7607568411,-19.86
2016-04-07 00:00:00+00:00,-14.1538461538,-17.7185977079,-15.92
2016-04-08 00:00:00+00:00,-10.9230769231,-14.5214951271,-16.28
2016-04-09 00:00:00+00:00,-8.23076923077,-11.8617193727,-10.33
2016-04-11 00:00:00+00:00,-5.84615384615,-9.5386192317,-11.49
2016-04-12 00:00:00+00:00,-2.53846153846,-6.25984077143,-12.66
2016-04-13 00:00:00+00:00,-6.0,-9.74901958245,-7.7
2016-04-14 00:00:00+00:00,-3.61538461538,-7.39073940059,-8.74
2016-04-15 00:00:00+00:00,-8.30769230769,-12.1080468429,-12.9444444444
2016-04-16 00:00:00+00:00,0.692307692308,-3.13168223502,-2.24
2016-04-17 00:00:00+00:00,-6.07692307692,-9.92315658988,-7.7
2016-04-18 00:00:00+00:00,-7.76923076923,-11.6362901223,-10.56
2016-04-19 00:00:00+00:00,-5.38461538462,-9.27105845337,-10.87
2016-04-20 00:00:00+00:00,-6.23076923077,-10.1351311193,-6.79
2016-04-21 00:00:00+00:00,-9.46153846154,-13.3823331548,-11.9
2016-04-22 00:00:00+00:00,-8.30769230769,-12.2434143648,-14.25
2016-04-23 00:00:00+00:00,-7.76923076923,-11.7183570556,-11.37
2016-04-24 00:00:00+00:00,-9.23076923077,-13.1917606848,-12.6
2016-04-26 00:00:00+00:00,1.84615384615,-2.13389607062,1.28
2016-04-27 00:00:00+00:00,2.84615384615,-1.14106661202,1.01
2016-04-28 00:00:00+00:00,2.84615384615,-1.14665262996,-1.92
2016-04-29 00:00:00+00:00,4.23076923077,0.23396795111,0.65
2016-04-30 00:00:00+00:00,-0.230769230769,-4.22996931076,-3.98
2016-05-01 00:00:00+00:00,2.46153846154,-1.53846153846,-2.74
2016-05-03 00:00:00+00:00,3.76923076923,-0.227570510428,0.88
2016-05-04 00:00:00+00:00,0.769230769231,-3.22357570688,-1.59
2016-05-05 00:00:00+00:00,-1.07692307692,-5.0641435351,-6.88
2016-05-06 00:00:00+00:00,-1.07692307692,-5.05697299369,-5.59
2016-05-07 00:00:00+00:00,1.38461538462,-2.586688047,-5.68181818182
2016-05-08 00:00:00+00:00,0.307692307692,-3.65329914638,-3.99
2016-05-09 00:00:00+00:00,0.461538461538,-3.48758782482,-2.3
2016-05-10 00:00:00+00:00,2.69230769231,-1.24341436478,-1.65
2016-05-11 00:00:00+00:00,5.07692307692,1.1561283837,1.11
2016-05-12 00:00:00+00:00,2.92307692308,-0.981284965485,0.09
2016-05-13 00:00:00+00:00,2.07692307692,-1.80951999183,-0.69
2016-05-14 00:00:00+00:00,7.46153846154,3.59447910845,2.96
2016-05-15 00:00:00+00:00,7.23076923077,3.38453571782,2.82
2016-05-16 00:00:00+00:00,10.3076923077,6.48370238036,3.45
2016-05-17 00:00:00+00:00,7.30769230769,3.50733777248,4.3
2016-05-18 00:00:00+00:00,4.53846153846,0.763106753259,-0.13
2016-05-19 00:00:00+00:00,4.38461538462,0.635595802165,-0.68
2016-05-20 00:00:00+00:00,1.15384615385,-2.56753307912,-1.32
2016-05-21 00:00:00+00:00,1.69230769231,-2.00015769324,-0.6
2016-05-22 00:00:00+00:00,0.461538461538,-3.20077250991,-0.5
2016-05-23 00:00:00+00:00,3.92307692308,0.29212678113,0.36
2016-05-24 00:00:00+00:00,2.69230769231,-0.906110511673,-1.66
2016-05-25 00:00:00+00:00,2.53846153846,-1.02629001556,0.45
2016-05-26 00:00:00+00:00,3.92307692308,0.393089312739,0.5
2016-05-27 00:00:00+00:00,3.69230769231,0.198142948392,-0.07
2016-05-28 00:00:00+00:00,3.15384615385,-0.303476054192,-0.19
2016-05-29 00:00:00+00:00,3.30769230769,-0.111807759206,-1.08
2016-05-30 00:00:00+00:00,1.84615384615,-1.53458527714,-1.33
2016-05-31 00:00:00+00:00,2.07692307692,-1.26415776872,-1.825
2016-06-01 00:00:00+00:00,2.84615384615,-0.454413448338,-0.354545454545
2016-06-02 00:00:00+00:00,4.23076923077,0.971528182094,0.05
2016-06-03 00:00:00+00:00,2.15384615385,-1.06329897751,0.37
2016-06-04 00:00:00+00:00,3.46153846154,0.287215525475,1.32
2016-06-05 00:00:00+00:00,2.69230769231,-0.43851046066,-0.06
2016-06-06 00:00:00+00:00,2.23076923077,-0.855905464729,-0.16
2016-06-07 00:00:00+00:00,1.30769230769,-1.73424431984,0.25
2016-06-08 00:00:00+00:00,2.69230769231,-0.304340398992,1.49
2016-06-09 00:00:00+00:00,3.15384615385,0.202992917712,2.38
2016-06-10 00:00:00+00:00,7.38461538462,4.48001923632,3.46
2016-06-12 00:00:00+00:00,5.69230769231,2.88143680083,2.23
2016-06-13 00:00:00+00:00,5.38461538462,2.62112541934,2.2
2016-06-14 00:00:00+00:00,6.46153846154,3.74571730038,3.2
2016-06-15 00:00:00+00:00,9.38461538462,6.71670814118,5.3625
2016-06-16 00:00:00+00:00,7.30769230769,4.68790178575,4.3625
2016-06-17 00:00:00+00:00,8.76923076923,6.19771797628,5.2625
2016-06-20 00:00:00+00:00,10.5384615385,8.11233889961,9.0625
2016-06-22 00:00:00+00:00,1.38461538462,-0.944513576192,1.2125
2016-06-23 00:00:00+00:00,3.0,0.71927275065,1.4875
2016-06-27 00:00:00+00:00,3.53846153846,1.44986075303,1.775
2016-06-28 00:00:00+00:00,6.30769230769,4.26658111651,3.225
2016-06-29 00:00:00+00:00,15.0769230769,13.0830194056,11.4875
2016-06-30 00:00:00+00:00,13.9230769231,11.9760678992,12.525
2016-07-03 00:00:00+00:00,2.92307692308,1.11458309238,2.75
2016-07-04 00:00:00+00:00,1.38461538462,-0.378521178606,1.075
2016-07-05 00:00:00+00:00,2.0,0.281770567157,0.3625
2016-07-06 00:00:00+00:00,8.46153846154,6.78774202589,7.1625
2016-07-07 00:00:00+00:00,9.61538461538,7.98552422493,7.95714285714
2016-07-08 00:00:00+00:00,6.30769230769,4.72124937453,3.975
2016-07-11 00:00:00+00:00,5.0,3.54049934351,3.8
2016-07-12 00:00:00+00:00,7.23076923077,5.81241903653,5.49
2016-07-13 00:00:00+00:00,10.6923076923,9.31449896124,9.76
2016-07-14 00:00:00+00:00,3.61538461538,2.27749379251,3.08
2016-07-15 00:00:00+00:00,3.76923076923,2.4706208998,2.37
2016-07-16 00:00:00+00:00,9.76923076923,8.50925264244,10.21
2016-07-17 00:00:00+00:00,9.30769230769,8.08568558622,10.37
2016-07-19 00:00:00+00:00,9.23076923077,8.08268535113,6.73
2016-07-20 00:00:00+00:00,12.4615384615,11.3493892597,11.72
2016-07-21 00:00:00+00:00,10.0,8.92309158101,9.69
2016-07-22 00:00:00+00:00,4.61538461538,3.57301733133,3.69
2016-07-23 00:00:00+00:00,4.0,2.99146945943,3.53
2016-07-24 00:00:00+00:00,13.1538461538,12.1784442061,9.84
2016-07-25 00:00:00+00:00,11.6153846154,10.6724003092,6.9
2016-07-26 00:00:00+00:00,13.6923076923,12.7810282067,12.525
2016-07-27 00:00:00+00:00,11.3846153846,10.5043269326,10.4125
2016-07-28 00:00:00+00:00,5.92307692308,5.07306562598,4.9625
2016-07-29 00:00:00+00:00,6.07692307692,5.25647580911,4.34285714286
2016-08-02 00:00:00+00:00,17.3846153846,16.675335903,17.875
2016-08-03 00:00:00+00:00,16.3846153846,15.7013730265,15.625
2016-08-04 00:00:00+00:00,14.0,13.3421021737,12.575
2016-08-05 00:00:00+00:00,9.92307692308,9.28983683259,8.5625
2016-08-09 00:00:00+00:00,9.69230769231,9.15096655936,10.0375
2016-08-10 00:00:00+00:00,5.38461538462,4.86460455367,3.27142857143
2016-08-11 00:00:00+00:00,5.69230769231,5.19298646032,4.8125
2016-08-17 00:00:00+00:00,10.7692307692,10.3811359691,8.375
2016-08-18 00:00:00+00:00,11.2307692308,10.8591574757,8.825
2016-08-19 00:00:00+00:00,17.1538461538,16.798159684,18.4875
2016-08-22 00:00:00+00:00,10.6153846154,10.3042425406,12.15
2016-08-23 00:00:00+00:00,10.8461538462,10.5488217628,9.9
2016-08-24 00:00:00+00:00,5.69230769231,5.40828627735,5.35
2016-08-25 00:00:00+00:00,6.92307692308,6.65187879868,6.5625
2016-08-26 00:00:00+00:00,9.7,9.44114976788,9.75
2016-08-29 00:00:00+00:00,8.0,7.77546094866,6.25
2016-08-30 00:00:00+00:00,5.69230769231,5.47833473483,5.1375
2016-08-31 00:00:00+00:00,5.38461538462,5.18079285953,5.05
2016-09-01 00:00:00+00:00,5.84615384615,5.65207788396,4.425
2016-09-02 00:00:00+00:00,5.0,4.81527843448,3.7375
2016-09-15 00:00:00+00:00,3.53846153846,3.44474734644,2.7625
2016-09-16 00:00:00+00:00,-0.769230769231,-0.769364550336,-1.2125
2016-09-19 00:00:00+00:00,3.69230769231,3.69213233864,4.175
2016-09-20 00:00:00+00:00,4.69230769231,4.69211593991,4.8625
2016-09-21 00:00:00+00:00,5.23076923077,5.23055962994,4.6625
2016-09-22 00:00:00+00:00,7.23076923077,7.23054021178,6.825
2016-09-23 00:00:00+00:00,3.92307692308,3.92282678704,3.85
2016-09-27 00:00:00+00:00,4.84615384615,4.84579931192,3.41
2016-09-28 00:00:00+00:00,7.46153846154,7.4611520106,7.0625
2016-09-29 00:00:00+00:00,9.07692307692,9.07650200447,7.7375
2016-09-30 00:00:00+00:00,5.0,4.99954138782,5.0625
2016-10-11 00:00:00+00:00,0.153846153846,0.152703390131,-1.53333333333
2016-10-12 00:00:00+00:00,-2.23076923077,-2.23200791491,-2.26666666667
2016-10-13 00:00:00+00:00,0.769230769231,0.767888650322,0.125
2016-10-14 00:00:00+00:00,-0.769230769231,-0.770684378537,-1.4875
2016-10-18 00:00:00+00:00,-1.38461538462,-1.38660760471,-2.475
2016-10-19 00:00:00+00:00,-3.46153846154,-3.4636918651,-4.28
2016-10-20 00:00:00+00:00,-2.84615384615,-2.8484805431,-4.5
2016-10-21 00:00:00+00:00,-1.53846153846,-1.54097446906,-2.55
2016-10-24 00:00:00+00:00,-2.69230769231,-2.69546604199,-3.69
2016-10-25 00:00:00+00:00,-2.92307692308,-2.92648262015,-2.9125
2016-10-26 00:00:00+00:00,-2.0,-2.0036709469,-2.325
2016-10-27 00:00:00+00:00,-0.692307692308,-0.696262965366,-0.675
2016-10-28 00:00:00+00:00,-3.15384615385,-3.15810607069,-3.1875
2016-10-31 00:00:00+00:00,-4.23076923077,-4.23607847577,-4.625
2016-11-01 00:00:00+00:00,-3.38461538462,-3.39032441752,-3.8625
2016-11-02 00:00:00+00:00,-4.38461538462,-4.3907518545,-4.65555555556
2016-11-03 00:00:00+00:00,-0.461538461538,-0.468131732912,-0.74
2016-11-04 00:00:00+00:00,-2.76923076923,-2.77631201353,-3.025
2016-11-07 00:00:00+00:00,-1.53846153846,-1.5472132531,-1.98888888889
2016-11-08 00:00:00+00:00,-5.53846153846,-5.54784594694,-5.72222222222
2016-11-09 00:00:00+00:00,-6.23076923077,-6.24082804854,-6.575
2016-11-10 00:00:00+00:00,-7.76923076923,-7.78000815081,-7.25
2016-11-12 00:00:00+00:00,-9.15384615385,-9.1662034867,-11.0
2016-11-14 00:00:00+00:00,-4.84615384615,-4.86030009713,-5.125
2016-11-15 00:00:00+00:00,-6.23076923077,-6.24589575297,-7.3375
2016-11-16 00:00:00+00:00,-6.0,-6.01616825319,-5.9875
2016-11-17 00:00:00+00:00,-0.0769230769231,-0.0941978915711,0.575
2016-11-18 00:00:00+00:00,-0.538461538462,-0.556911266688,-0.3
2016-11-19 00:00:00+00:00,-5.38461538462,-5.40431205568,-4.7
2016-11-20 00:00:00+00:00,-4.69230769231,-4.71332717259,-4.65
2016-11-21 00:00:00+00:00,-5.23076923077,-5.25319138818,-5.0625
2016-11-22 00:00:00+00:00,-6.61538461538,-6.63929348826,-6.575
2016-11-23 00:00:00+00:00,-6.76923076923,-6.79471473956,-5.68333333333
2016-11-24 00:00:00+00:00,-6.15384615385,-6.18099812484,-5.725
2016-11-25 00:00:00+00:00,-4.0,-4.02891757784,-3.57777777778
2016-11-26 00:00:00+00:00,-3.0,-3.03078567979,-3.0
2016-11-27 00:00:00+00:00,-4.69230769231,-4.72506904798,-4.5
2016-11-28 00:00:00+00:00,-5.23076923077,-5.2656191089,-10.9285714286
2016-11-29 00:00:00+00:00,-6.23076923077,-6.26782594811,-7.075
2016-11-30 00:00:00+00:00,-7.30769230769,-7.34707985232,-8.225
2016-12-01 00:00:00+00:00,-4.92307692308,-4.96492515885,-4.775
2016-12-02 00:00:00+00:00,-5.07692307692,-5.12136795116,-5.1625
2016-12-03 00:00:00+00:00,-6.23076923077,-6.27795298485,-6.2
2016-12-04 00:00:00+00:00,-5.76923076923,-5.81930215187,-6.5
2016-12-05 00:00:00+00:00,-7.84615384615,-7.89926832913,-7.675
2016-12-06 00:00:00+00:00,-7.15384615385,-7.21016614981,-7.05
2016-12-07 00:00:00+00:00,-8.0,-8.0596950821,-7.77777777778
2016-12-08 00:00:00+00:00,-11.3076923077,-11.3709394307,-11.5125
2016-12-09 00:00:00+00:00,-12.4615384615,-12.5285221839,-12.1
2016-12-12 00:00:00+00:00,-10.4615384615,-10.540918715,-10.525
2016-12-13 00:00:00+00:00,-15.3076923077,-15.3916278911,-15.9
2016-12-14 00:00:00+00:00,-14.6923076923,-14.7810245248,-16.2
2016-12-15 00:00:00+00:00,-10.1538461538,-10.2475790906,-9.95555555556
2016-12-16 00:00:00+00:00,-9.23076923077,-9.32976228022,-6.9
2016-12-19 00:00:00+00:00,-18.6153846154,-18.7317167862,-18.5375
2016-12-20 00:00:00+00:00,-19.3076923077,-19.4303563972,-18.775
2016-12-21 00:00:00+00:00,-15.2307692308,-15.3600581573,-15.0125
2016-12-22 00:00:00+00:00,-15.4615384615,-15.5977555212,-15.275
2016-12-23 00:00:00+00:00,-23.0,-23.1434590516,-24.4875
2016-12-28 00:00:00+00:00,-15.7692307692,-15.9539892828,-15.275
2016-12-29 00:00:00+00:00,-18.4615384615,-18.6556532428,-18.8875
2016-12-30 00:00:00+00:00,-13.8461538462,-14.0500171398,-13.6
2016-12-31 00:00:00+00:00,-11.3076923077,-11.521708064,-11.8
2017-01-02 00:00:00+00:00,-18.9230769231,-19.1586567067,-18.6
2017-01-04 00:00:00+00:00,-18.7692307692,-19.0281327766,-18.35
2017-01-05 00:00:00+00:00,-10.0,-10.2712523694,-9.44
2017-01-06 00:00:00+00:00,-10.0,-10.2840782249,-9.8125
2017-01-07 00:00:00+00:00,-12.7692307692,-13.066622325,-11.7
2017-01-08 00:00:00+00:00,-20.9230769231,-21.2342812325,-21.0
2017-01-09 00:00:00+00:00,-23.6923076923,-24.0178360701,-23.975
2017-01-10 00:00:00+00:00,-28.7692307692,-29.1096063442,-29.175
2017-01-11 00:00:00+00:00,-21.6923076923,-22.0480653066,-20.225
2017-01-12 00:00:00+00:00,-20.2307692308,-20.6024553156,-20.95
2017-01-13 00:00:00+00:00,-20.5384615385,-20.9266339653,-20.7125
2017-01-14 00:00:00+00:00,-20.0,-20.4052279062,-19.6
2017-01-22 00:00:00+00:00,-16.5384615385,-17.1018952221,-18.7
2017-01-23 00:00:00+00:00,-12.6923076923,-13.2783837897,-11.9875
2017-01-24 00:00:00+00:00,-17.3846153846,-17.9940000118,-18.7
2017-01-25 00:00:00+00:00,-16.0,-16.6333667512,-16.075
2017-01-26 00:00:00+00:00,-10.7692307692,-11.4272601883,-10.95
2017-01-27 00:00:00+00:00,-5.76923076923,-6.45260978946,-5.7
2017-01-28 00:00:00+00:00,-7.23076923077,-7.94019058244,-6.0
2017-01-29 00:00:00+00:00,-10.6153846154,-11.3515462009,-10.2
2017-01-30 00:00:00+00:00,-13.7692307692,-14.5328350059,-13.5875
2017-01-31 00:00:00+00:00,-20.0769230769,-20.868676208,-20.6625
2017-02-01 00:00:00+00:00,-22.8461538462,-23.6667652198,-27.1125
2017-02-02 00:00:00+00:00,-24.7692307692,-25.6194120856,-26.225
2017-02-03 00:00:00+00:00,-25.6153846154,-26.4958491427,-26.4571428571
2017-02-06 00:00:00+00:00,-20.9230769231,-21.8986739707,-21.375
2017-02-07 00:00:00+00:00,-20.6153846154,-21.6241168822,-20.725
2017-02-08 00:00:00+00:00,-25.4615384615,-26.5041142399,-25.1333333333
2017-02-09 00:00:00+00:00,-20.4615384615,-21.5386622837,-20.875
2017-02-10 00:00:00+00:00,-24.4615384615,-25.5739101154,-28.425
2017-02-12 00:00:00+00:00,-25.0769230769,-26.2618657084,-29.15
2017-02-13 00:00:00+00:00,-21.8461538462,-23.0684049934,-23.0
2017-02-14 00:00:00+00:00,-15.6153846154,-16.875614763,-18.35
2017-02-15 00:00:00+00:00,-13.6923076923,-14.9911773097,-16.625
2017-02-16 00:00:00+00:00,-13.2307692308,-14.5689276586,-14.6
2017-02-17 00:00:00+00:00,-14.3846153846,-15.762699705,-15.35
2017-02-18 00:00:00+00:00,-16.3076923077,-17.7263262003,-18.3
2017-02-20 00:00:00+00:00,-14.0,-15.5015446743,-14.75
2017-02-21 00:00:00+00:00,-16.6923076923,-18.2361809498,-18.6
2017-02-22 00:00:00+00:00,-20.7692307692,-22.3559910227,-21.14
2017-02-25 00:00:00+00:00,-18.6153846154,-20.3339577285,-21.13
2017-02-27 00:00:00+00:00,-13.5384615385,-15.3473171041,-18.3333333333
2017-02-28 00:00:00+00:00,-17.1538461538,-19.0084931161,-19.74
2017-03-01 00:00:00+00:00,-21.6153846154,-23.5162217021,-23.48
2017-03-02 00:00:00+00:00,-22.2307692308,-24.1781676954,-25.7
2017-03-03 00:00:00+00:00,-21.6923076923,-23.6866101843,-24.0333333333
2017-03-06 00:00:00+00:00,-10.6153846154,-12.7521525173,-16.15
2017-03-07 00:00:00+00:00,-13.7692307692,-15.953965379,-18.44
2017-03-08 00:00:00+00:00,-8.46153846154,-10.6944232155,-7.78
2017-03-09 00:00:00+00:00,-2.61538461538,-4.8965680558,-4.96
2017-03-10 00:00:00+00:00,-8.23076923077,-10.560364064,-10.9333333333
2017-03-11 00:00:00+00:00,-17.0769230769,-19.4550052688,-19.81
2017-03-13 00:00:00+00:00,-16.1538461538,-18.6289797211,-18.07
2017-03-14 00:00:00+00:00,-12.1538461538,-14.6774661096,-15.88
2017-03-15 00:00:00+00:00,-14.7692307692,-17.3412579162,-19.17
2017-03-16 00:00:00+00:00,-12.5384615385,-15.1587760709,-15.81
2017-03-17 00:00:00+00:00,-13.2307692308,-15.899210109,-14.3
2017-03-18 00:00:00+00:00,-13.7692307692,-16.4855951489,-18.8
2017-03-19 00:00:00+00:00,-13.5384615385,-16.302504257,-18.3
2017-03-21 00:00:00+00:00,-11.3076923077,-14.166184731,-12.1333333333
2017-03-22 00:00:00+00:00,-14.9230769231,-17.8282540487,-16.2125
2017-03-23 00:00:00+00:00,-14.6923076923,-17.6437511581,-18.06
2017-03-24 00:00:00+00:00,-11.3846153846,-14.3818628655,-13.17
2017-03-26 00:00:00+00:00,-16.2307692308,-19.3180613229,-19.0444444444
2017-03-27 00:00:00+00:00,-6.76923076923,-9.90067514845,-17.75
2017-03-28 00:00:00+00:00,-8.46153846154,-11.6364963257,-15.77
2017-03-29 00:00:00+00:00,-7.53846153846,-10.7562501632,-15.08
2017-03-30 00:00:00+00:00,-6.76923076923,-10.0291237313,-10.76
2017-03-31 00:00:00+00:00,-11.5384615385,-14.8396890124,-15.8
2017-04-01 00:00:00+00:00,-13.2307692308,-16.5725183594,-17.56
2017-04-02 00:00:00+00:00,-12.5384615385,-15.9198768772,-15.61
2017-04-03 00:00:00+00:00,-5.30769230769,-8.727876343,-12.8125
2017-04-04 00:00:00+00:00,-6.46153846154,-9.91955220317,-11.22
2017-04-05 00:00:00+00:00,-2.61538461538,-6.11024826214,-8.18
2017-04-06 00:00:00+00:00,-1.07692307692,-4.60761675539,-5.62
2017-04-07 00:00:00+00:00,-1.15384615385,-4.71931072947,-4.52
2017-04-08 00:00:00+00:00,1.0,-2.59913795959,-6.1
2017-04-09 00:00:00+00:00,-4.07692307692,-7.70859948152,-5.6
2017-04-10 00:00:00+00:00,-3.23076923077,-6.89381273766,-4.98
2017-04-11 00:00:00+00:00,-8.46153846154,-12.154742414,-10.36
2017-04-12 00:00:00+00:00,-8.07692307692,-11.7990466602,-11.13
2017-04-13 00:00:00+00:00,-7.53846153846,-11.2882309998,-17.1
2017-04-14 00:00:00+00:00,-10.8461538462,-14.6222637778,-14.425
2017-04-15 00:00:00+00:00,-10.9230769231,-14.7241916052,-17.54
2017-04-16 00:00:00+00:00,-13.3846153846,-17.2093701864,-16.06
2017-04-18 00:00:00+00:00,-11.3846153846,-15.2524482269,-12.51
2017-04-19 00:00:00+00:00,-6.92307692308,-10.8102973582,-11.3571428571
2017-04-20 00:00:00+00:00,-9.69230769231,-13.5974505313,-12.12
2017-04-21 00:00:00+00:00,-8.07692307692,-11.9985020075,-8.4875
2017-04-23 00:00:00+00:00,-8.07692307692,-12.0268392675,-10.2222222222
2017-04-25 00:00:00+00:00,-7.0,-10.9720977717,-10.0
2017-04-26 00:00:00+00:00,-9.15384615385,-13.1346921602,-12.06
2017-04-27 00:00:00+00:00,-8.38461538462,-12.3726333666,-10.5
2017-04-28 00:00:00+00:00,-1.53846153846,-5.53206665573,-5.79
2017-04-29 00:00:00+00:00,-4.53846153846,-8.53606225832,-7.36
2017-04-30 00:00:00+00:00,-5.76923076923,-9.76923076923,-10.38
2017-05-02 00:00:00+00:00,-3.61538461538,-7.61538461538,-10.38
2017-05-03 00:00:00+00:00,-2.53846153846,-6.53606225832,-7.68
2017-05-04 00:00:00+00:00,-3.69230769231,-7.68591280958,-7.14
2017-05-05 00:00:00+00:00,-3.07692307692,-7.06494105894,-6.85
2017-05-07 00:00:00+00:00,1.38461538462,-2.58748238712,-1.48
2017-05-08 00:00:00+00:00,10.0,6.03821626841,1.67
2017-05-09 00:00:00+00:00,6.0,2.05008380939,1.37
2017-05-10 00:00:00+00:00,6.38461538462,2.44810610439,-1.09
2017-05-11 00:00:00+00:00,8.15384615385,4.23226722326,0.49
2017-05-12 00:00:00+00:00,16.6153846154,12.7102417764,5.74
2017-05-13 00:00:00+00:00,10.8461538462,6.95893341105,2.96
2017-05-14 00:00:00+00:00,6.15384615385,2.28601331154,4.15
2017-05-16 00:00:00+00:00,2.0,-1.8247548018,-1.13
2017-05-17 00:00:00+00:00,4.92307692308,1.12196224095,0.45
2017-05-18 00:00:00+00:00,2.23076923077,-1.5453407009,-0.63
2017-05-19 00:00:00+00:00,0.461538461538,-3.28823099981,-2.11
2017-05-20 00:00:00+00:00,1.61538461538,-2.10673896786,0.84
2017-05-21 00:00:00+00:00,2.53846153846,-1.15474241402,0.19
2017-05-22 00:00:00+00:00,3.84615384615,0.183110339261,-0.24
2017-05-23 00:00:00+00:00,-2.38461538462,-6.01629178921,-3.66666666667
2017-05-28 00:00:00+00:00,5.30769230769,1.84967856606,1.89
2017-05-30 00:00:00+00:00,10.0769230769,6.69550773818,8.58333333333
2017-05-31 00:00:00+00:00,4.61538461538,1.27363548674,2.225
2017-06-02 00:00:00+00:00,3.69230769231,0.432414730234,0.742857142857
2017-06-03 00:00:00+00:00,1.46153846154,-1.75625016319,0.3
2017-06-08 00:00:00+00:00,0.923076923077,-2.07417055778,0.2875
2017-06-09 00:00:00+00:00,4.92307692308,1.97163345727,0.2
2017-06-12 00:00:00+00:00,4.23076923077,1.4193361089,1.14444444444
2017-06-14 00:00:00+00:00,4.53846153846,1.82209715875,2.51
2017-06-15 00:00:00+00:00,7.0,4.33155912176,4.25
2017-06-16 00:00:00+00:00,14.4615384615,11.8412239291,13.27
2017-06-18 00:00:00+00:00,4.84615384615,2.32253389044,2.73
2017-06-19 00:00:00+00:00,10.3846153846,7.90948181739,9.88
2017-06-20 00:00:00+00:00,8.46153846154,6.03493054963,5.67
2017-06-21 00:00:00+00:00,6.38461538462,4.00653319273,1.81
2017-06-22 00:00:00+00:00,8.61538461538,6.2857897822,8.04
2017-06-23 00:00:00+00:00,9.84615384615,7.56497040574,10.49
2017-06-24 00:00:00+00:00,1.07692307692,-1.15596167704,1.63
2017-06-25 00:00:00+00:00,1.46153846154,-0.723196148251,1.64
2017-06-26 00:00:00+00:00,2.69230769231,0.555539790422,2.81
2017-06-27 00:00:00+00:00,3.38461538462,1.29559683725,2.26
2017-06-28 00:00:00+00:00,8.0,5.95848054575,6.025
2017-07-01 00:00:00+00:00,14.1538461538,12.2530090671,13.4888888889
2017-07-02 00:00:00+00:00,9.46153846154,7.60689149925,7.36666666667
2017-07-03 00:00:00+00:00,7.76923076923,5.9603752036,6.47
2017-07-04 00:00:00+00:00,11.0,9.2365107742,8.12
2017-07-06 00:00:00+00:00,7.46153846154,5.78740723312,5.30769230769
2017-07-07 00:00:00+00:00,10.0769230769,8.4467366818,9.37
2017-07-08 00:00:00+00:00,10.0769230769,8.49016282345,10.5
2017-07-09 00:00:00+00:00,10.7692307692,9.22535751173,10.72
2017-07-11 00:00:00+00:00,6.92307692308,5.46328433726,5.54444444444
2017-07-12 00:00:00+00:00,8.23076923077,6.81213533812,7.0
2017-07-14 00:00:00+00:00,6.76923076923,5.43107234144,4.5
2017-07-15 00:00:00+00:00,6.23076923077,4.93189961339,4.64
2017-07-16 00:00:00+00:00,9.92307692308,8.66284677546,9.15555555556
2017-07-17 00:00:00+00:00,12.1538461538,10.9315950066,13.52
2017-07-18 00:00:00+00:00,10.0769230769,8.89198044549,10.19
2017-07-19 00:00:00+00:00,10.6153846154,9.467071096,9.85
2017-07-20 00:00:00+00:00,12.8461538462,11.7337821923,13.57
2017-07-21 00:00:00+00:00,8.23076923077,7.15364540856,7.68
2017-07-22 00:00:00+00:00,7.53846153846,6.49588576011,5.94
2017-07-23 00:00:00+00:00,7.84615384615,6.8374215793,6.02
2017-07-25 00:00:00+00:00,14.1538461538,13.2106732319,12.8
2017-07-26 00:00:00+00:00,17.0,16.0885382403,17.48
2017-07-27 00:00:00+00:00,7.46153846154,6.58107393426,7.32
2017-07-29 00:00:00+00:00,9.46153846154,8.64092708787,6.75
2017-07-30 00:00:00+00:00,9.23076923077,8.43901609964,9.6
2017-07-31 00:00:00+00:00,5.0,4.23639576334,4.56
2017-08-01 00:00:00+00:00,8.38461538462,7.64845379915,5.24
2017-08-02 00:00:00+00:00,4.92307692308,4.2136555714,4.8
2017-08-03 00:00:00+00:00,9.30769230769,8.62431328746,10.55
2017-08-04 00:00:00+00:00,10.6923076923,10.0342782733,10.85
2017-08-06 00:00:00+00:00,5.0,4.3906153728,4.38
2017-08-07 00:00:00+00:00,10.2307692308,9.64469313342,6.28
2017-08-08 00:00:00+00:00,9.23076923077,8.66733554709,8.67
2017-08-09 00:00:00+00:00,7.15384615385,6.61239674185,6.4
2017-08-11 00:00:00+00:00,10.6153846154,10.1159635092,10.57
2017-08-12 00:00:00+00:00,9.69230769231,9.21294876645,6.49
2017-08-13 00:00:00+00:00,5.61538461538,5.15546595891,5.06666666667
2017-08-14 00:00:00+00:00,4.92307692308,4.48198661262,5.33
2017-08-15 00:00:00+00:00,8.53846153846,8.11559795043,6.6
2017-08-16 00:00:00+00:00,10.5384615385,10.1332336323,7.33
2017-08-17 00:00:00+00:00,12.0,11.6118275731,9.59
2017-08-18 00:00:00+00:00,11.3846153846,11.0129292998,11.13
2017-08-19 00:00:00+00:00,6.15384615385,5.7980885396,6.17
2017-08-20 00:00:00+00:00,7.0,6.65962442507,5.48
2017-08-21 00:00:00+00:00,8.76923076923,8.44370239141,6.41
2017-08-22 00:00:00+00:00,9.30769230769,8.99648799823,7.17777777778
2017-08-23 00:00:00+00:00,9.30769230769,9.01030075193,6.97
2017-08-25 00:00:00+00:00,8.92307692308,8.65182455363,6.01
2017-08-28 00:00:00+00:00,13.5384615385,13.3028817548,14.3785714286
2017-08-29 00:00:00+00:00,11.4615384615,11.2369544979,11.82
2017-08-30 00:00:00+00:00,5.23076923077,5.01675347442,4.2
2017-08-31 00:00:00+00:00,5.53846153846,5.3345982448,4.17
2017-09-01 00:00:00+00:00,10.6923076923,10.498192911,12.01
2017-09-02 00:00:00+00:00,11.0,10.8152414865,12.1
2017-09-03 00:00:00+00:00,12.4615384615,12.285755574,13.52
2017-09-05 00:00:00+00:00,2.76923076923,2.61030302818,2.85
2017-09-06 00:00:00+00:00,4.69230769231,4.54128204983,4.3
2017-09-07 00:00:00+00:00,3.76923076923,3.62577171758,3.65
2017-09-08 00:00:00+00:00,7.15384615385,7.01762909422,4.89
2017-09-11 00:00:00+00:00,4.0,3.88366782923,4.82
2017-09-12 00:00:00+00:00,10.2307692308,10.1204862472,10.7
2017-09-13 00:00:00+00:00,6.61538461538,6.51087807675,6.59
2017-09-14 00:00:00+00:00,3.92307692308,3.82408387363,4.06
2017-09-15 00:00:00+00:00,3.69230769231,3.59857475557,3.63
2017-09-16 00:00:00+00:00,4.92307692308,4.92294316873,3.25
2017-09-17 00:00:00+00:00,5.30769230769,5.30754586928,3.81666666667
2017-09-18 00:00:00+00:00,6.53846153846,6.53830127727,6.1
2017-09-19 00:00:00+00:00,5.07692307692,5.07674775832,4.29
2017-09-20 00:00:00+00:00,3.30769230769,3.30750059365,3.37777777778
2017-09-21 00:00:00+00:00,2.61538461538,2.61517505647,2.85
2017-09-22 00:00:00+00:00,3.53846153846,3.53823256527,3.52
2017-09-24 00:00:00+00:00,1.58333333333,1.58306029699,1.63
2017-09-25 00:00:00+00:00,1.38461538462,1.38431741101,1.21
2017-09-26 00:00:00+00:00,1.76923076923,1.76890571081,1.23636363636
2017-09-27 00:00:00+00:00,0.538461538462,0.538107075124,0.42
2017-09-28 00:00:00+00:00,2.15384615385,2.15345978019,2.45555555556
2017-09-29 00:00:00+00:00,1.53846153846,1.53804055021,1.03
2017-09-30 00:00:00+00:00,3.30769230769,3.30723378723,3.92
2017-10-01 00:00:00+00:00,3.30769230769,3.30719310864,2.46
2017-10-02 00:00:00+00:00,3.69230769231,3.69176442313,1.3
2017-10-03 00:00:00+00:00,5.61538461538,5.61479362194,7.03333333333
2017-10-04 00:00:00+00:00,2.0,1.999357347,2.175
2017-10-05 00:00:00+00:00,2.0,1.99930145128,2.19
2017-10-06 00:00:00+00:00,1.53846153846,1.53770253608,0.66
2017-10-08 00:00:00+00:00,-0.307692307692,-0.308587290867,-0.6
2017-10-09 00:00:00+00:00,1.07692307692,1.07595180651,1.05
2017-10-10 00:00:00+00:00,1.30769230769,1.30663866895,1.45
2017-10-11 00:00:00+00:00,1.07692307692,1.07578054174,0.790909090909
2017-10-12 00:00:00+00:00,-0.0769230769231,-0.0781615133527,-0.2125
2017-10-16 00:00:00+00:00,0.384615384615,0.382912626018,0.49
2017-10-17 00:00:00+00:00,-0.230769230769,-0.232611226537,-1.0
2017-10-19 00:00:00+00:00,-0.307692307692,-0.309845280611,-0.34
2017-10-20 00:00:00+00:00,-1.23076923077,-1.23309546242,-1.08
2017-10-21 00:00:00+00:00,-1.76923076923,-1.77174319729,-2.6
2017-10-22 00:00:00+00:00,-3.69230769231,-3.69502013513,-4.05
2017-10-23 00:00:00+00:00,2.38461538462,2.38168817494,2.25
2017-10-24 00:00:00+00:00,1.92307692308,1.919919205,1.75
2017-10-25 00:00:00+00:00,0.230769230769,0.227364214764,0.34
2017-10-26 00:00:00+00:00,-1.30769230769,-1.31136252048,-1.65
2017-10-27 00:00:00+00:00,-2.61538461538,-2.61933909747,-2.53
2017-10-28 00:00:00+00:00,-1.84615384615,-1.8504129111,-1.75
2017-10-29 00:00:00+00:00,-1.07692307692,-1.0815083499,-0.79
2017-10-30 00:00:00+00:00,-1.15384615385,-1.15878064541,-1.54
2017-10-31 00:00:00+00:00,-0.692307692308,-0.697615875562,-0.466666666667
2017-11-01 00:00:00+00:00,-4.15384615385,-4.15955404506,-4.4
2017-11-02 00:00:00+00:00,-3.53846153846,-3.54459678118,-3.89
2017-11-03 00:00:00+00:00,-6.15384615385,-6.1604381067,-6.44
2017-11-05 00:00:00+00:00,-3.92307692308,-3.9306776937,-4.26
2017-11-06 00:00:00+00:00,-4.53846153846,-4.54661831974,-3.75
2017-11-07 00:00:00+00:00,-4.69230769231,-4.70105765678,-5.75
2017-11-08 00:00:00+00:00,-9.38461538462,-9.3939979164,-10.3888888889
2017-11-09 00:00:00+00:00,-7.84615384615,-7.85621065236,-7.88
2017-11-10 00:00:00+00:00,-10.6923076923,-10.7030829186,-12.71
2017-11-11 00:00:00+00:00,-5.69230769231,-5.70384804289,-6.38
2017-11-12 00:00:00+00:00,-5.07692307692,-5.08927793856,-5.77
2017-11-13 00:00:00+00:00,-6.38461538462,-6.39783695532,-6.88888888889
2017-11-14 00:00:00+00:00,-7.92307692308,-7.93722034508,-8.23333333333
2017-11-15 00:00:00+00:00,-5.30769230769,-5.32281580489,-5.97777777778
2017-11-16 00:00:00+00:00,-7.69230769231,-7.70847271217,-7.53333333333
2017-11-17 00:00:00+00:00,-7.76923076923,-7.78650212926,-9.2
2017-11-21 00:00:00+00:00,-0.384615384615,-0.407033058044,-0.8625
2017-11-22 00:00:00+00:00,-7.30769230769,-7.33159639927,-9.24444444444
2017-11-23 00:00:00+00:00,-8.76923076923,-8.79470964328,-9.54
2017-11-24 00:00:00+00:00,-8.69230769231,-8.71945423345,-10.15
2017-11-25 00:00:00+00:00,-4.92307692308,-4.95198871798,-5.37
2017-11-26 00:00:00+00:00,-8.07692307692,-8.1077026002,-9.44
2017-11-27 00:00:00+00:00,-5.46153846154,-5.4942932656,-5.13
2017-11-29 00:00:00+00:00,-5.46153846154,-5.49858776828,-5.73
2017-11-30 00:00:00+00:00,-4.84615384615,-4.88553351406,-4.61
2017-12-01 00:00:00+00:00,-7.92307692308,-7.96491679004,-8.16
2017-12-02 00:00:00+00:00,-9.30769230769,-9.35212829385,-9.75
2017-12-04 00:00:00+00:00,-3.07692307692,-3.12698444629,-3.03
2017-12-05 00:00:00+00:00,-6.84615384615,-6.89925770729,-8.03
2017-12-06 00:00:00+00:00,-2.23076923077,-2.28707796386,-1.84
2017-12-07 00:00:00+00:00,-4.46153846154,-4.52122160581,-4.46
2017-12-08 00:00:00+00:00,-4.92307692308,-4.9863113979,-5.86
2017-12-09 00:00:00+00:00,-8.53846153846,-8.60543186542,-8.86666666667
2017-12-10 00:00:00+00:00,-10.3076923077,-10.3785908335,-11.48
2017-12-11 00:00:00+00:00,-9.23076923077,-9.30579635016,-8.94285714286
2017-12-12 00:00:00+00:00,-11.6923076923,-11.7716720713,-11.9125
2017-12-13 00:00:00+00:00,-17.9230769231,-18.006995721,-19.8125
2017-12-14 00:00:00+00:00,-7.69230769231,-7.78100678321,-8.0
2017-12-18 00:00:00+00:00,-17.7692307692,-17.8794916984,-18.6285714286
2017-12-19 00:00:00+00:00,-15.4615384615,-15.5778473682,-15.3666666667
2017-12-20 00:00:00+00:00,-9.30769230769,-9.43033186687,-9.4125
2017-12-21 00:00:00+00:00,-11.6153846154,-11.7446476867,-11.6375
2017-12-22 00:00:00+00:00,-21.0,-21.1361898189,-21.6428571429
2017-12-27 00:00:00+00:00,-12.7692307692,-12.9449785037,-12.8111111111
2017-12-29 00:00:00+00:00,-19.9230769231,-20.1171528853,-19.6
2017-12-30 00:00:00+00:00,-23.0769230769,-23.280745602,-25.5
2018-01-01 00:00:00+00:00,-21.6153846154,-21.8399236667,-20.6
2018-01-02 00:00:00+00:00,-29.7692307692,-30.0047634416,-29.88
2018-01-03 00:00:00+00:00,-27.1538461538,-27.4008118982,-28.31
2018-01-04 00:00:00+00:00,-23.3076923077,-23.5665425398,-23.76
2018-01-05 00:00:00+00:00,-24.4615384615,-24.7327365859,-24.62
2018-01-06 00:00:00+00:00,-20.6153846154,-20.8994060303,-20.23
2018-01-07 00:00:00+00:00,-17.6923076923,-17.9896397757,-17.54
2018-01-08 00:00:00+00:00,-18.1538461538,-18.4649882287,-18.25
2018-01-10 00:00:00+00:00,-23.5384615385,-23.8787690451,-24.61
2018-01-11 00:00:00+00:00,-22.0769230769,-22.4326095468,-22.39
2018-01-12 00:00:00+00:00,-28.5384615385,-28.9100732935,-29.91
2018-01-14 00:00:00+00:00,-24.1538461538,-24.5589930225,-24.2857142857
2018-01-15 00:00:00+00:00,-24.8461538462,-25.2689328699,-24.04
2018-01-16 00:00:00+00:00,-23.2307692308,-23.671771332,-24.33
2018-01-17 00:00:00+00:00,-24.1538461538,-24.6136728358,-25.99
2018-01-18 00:00:00+00:00,-18.1538461538,-18.6331092175,-17.97
2018-01-19 00:00:00+00:00,-17.8461538462,-18.3454750781,-17.38
2018-01-20 00:00:00+00:00,-16.8461538462,-17.3661646771,-16.93
2018-01-21 00:00:00+00:00,-18.7692307692,-19.3105719022,-19.15
2018-01-22 00:00:00+00:00,-19.6153846154,-20.1787056236,-20.07
2018-01-23 00:00:00+00:00,-22.6153846154,-23.2013435092,-23.4888888889
2018-01-24 00:00:00+00:00,-19.4615384615,-20.070801224,-19.22
2018-01-27 00:00:00+00:00,-21.7692307692,-22.4524731273,-23.2545454545
2018-01-29 00:00:00+00:00,-23.6153846154,-24.3513989833,-24.11
2018-01-30 00:00:00+00:00,-25.0769230769,-25.840374608,-27.01
2018-01-31 00:00:00+00:00,-25.3076923077,-26.099287104,-28.46
2018-02-01 00:00:00+00:00,-24.2307692308,-25.0512164986,-25.7888888889
2018-02-02 00:00:00+00:00,-24.7692307692,-25.6192420663,-26.8
2018-02-03 00:00:00+00:00,-30.3846153846,-31.2649038366,-31.08
2018-02-04 00:00:00+00:00,-31.8461538462,-32.7574333317,-32.05
2018-02-05 00:00:00+00:00,-26.2307692308,-27.173753537,-26.14
2018-02-06 00:00:00+00:00,-29.1538461538,-30.1292481016,-30.7
2018-02-07 00:00:00+00:00,-28.7692307692,-29.7777613098,-28.92
2018-02-08 00:00:00+00:00,-31.7692307692,-32.8115980533,-32.37
2018-02-09 00:00:00+00:00,-32.4615384615,-33.5384468805,-33.34
2018-02-10 00:00:00+00:00,-26.6153846154,-27.7275338172,-28.2333333333
2018-02-11 00:00:00+00:00,-28.4615384615,-29.6096223412,-30.6888888889
2018-02-12 00:00:00+00:00,-28.7692307692,-29.9539364358,-29.83
2018-02-13 00:00:00+00:00,-31.0769230769,-32.2989297984,-30.4545454545
2018-02-14 00:00:00+00:00,-21.8461538462,-23.1061319729,-21.83
2018-02-15 00:00:00+00:00,-26.6923076923,-27.9909175617,-27.7545454545
2018-02-16 00:00:00+00:00,-24.7692307692,-26.1071215921,-26.66
2018-02-17 00:00:00+00:00,-26.5384615385,-27.9162702695,-30.81
2018-02-18 00:00:00+00:00,-22.0,-23.4183501942,-22.49
2018-02-19 00:00:00+00:00,-32.7692307692,-34.2287314257,-33.48
2018-02-20 00:00:00+00:00,-25.8461538462,-27.3473982416,-24.61
2018-02-21 00:00:00+00:00,-21.8461538462,-23.3897183599,-22.63
2018-02-23 00:00:00+00:00,-22.5384615385,-24.1683219289,-24.8333333333
2018-02-25 00:00:00+00:00,-18.3076923077,-20.0259217405,-17.79
2018-02-26 00:00:00+00:00,-9.61538461538,-11.3785211786,-10.42
2018-02-27 00:00:00+00:00,-9.69230769231,-11.500801523,-11.05
2018-02-28 00:00:00+00:00,-11.4615384615,-13.3158145315,-12.79
2018-03-01 00:00:00+00:00,-8.61538461538,-10.5158415727,-11.99
2018-03-02 00:00:00+00:00,-10.0,-11.9470090238,-12.35
2018-03-03 00:00:00+00:00,-10.1538461538,-12.1477498252,-10.8888888889
2018-03-04 00:00:00+00:00,-10.4615384615,-12.5026496527,-11.93
2018-03-05 00:00:00+00:00,-9.30769230769,-11.3962930931,-11.17
2018-03-06 00:00:00+00:00,-9.84615384615,-11.9824944372,-13.5666666667
2018-03-07 00:00:00+00:00,-11.6153846154,-13.7996823219,-14.35
2018-03-08 00:00:00+00:00,-12.9230769231,-15.1555151447,-13.8333333333
2018-03-09 00:00:00+00:00,-10.7692307692,-13.0499580186,-12.57
2018-03-10 00:00:00+00:00,-9.38461538462,-11.7137443454,-10.2111111111
2018-03-12 00:00:00+00:00,-6.0,-8.42612263885,-10.78
2018-03-13 00:00:00+00:00,-8.30769230769,-10.7823308977,-11.43
2018-03-14 00:00:00+00:00,-9.07692307692,-11.6000383591,-12.61
2018-03-15 00:00:00+00:00,-17.3846153846,-19.9561281776,-18.95
2018-03-16 00:00:00+00:00,-16.0,-18.6197905219,-16.56
2018-03-17 00:00:00+00:00,-7.23076923077,-9.8986764742,-8.24
2018-03-18 00:00:00+00:00,-5.69230769231,-8.40812885346,-8.1
2018-03-19 00:00:00+00:00,-7.92307692308,-10.6865668884,-10.0666666667
2018-03-20 00:00:00+00:00,-10.3846153846,-13.1954862761,-13.2714285714
2018-03-21 00:00:00+00:00,-6.76923076923,-9.62715155118,-9.85714285714
2018-03-22 00:00:00+00:00,-11.6153846154,-14.5199807637,-13.8285714286
2018-03-23 00:00:00+00:00,-15.0,-17.9508532361,-18.0714285714
2018-03-27 00:00:00+00:00,-10.2307692308,-13.3615873837,-17.05
2018-03-28 00:00:00+00:00,-5.0,-8.17432293606,-5.51428571429
2018-03-29 00:00:00+00:00,-7.76923076923,-10.9863759006,-9.72857142857
2018-04-03 00:00:00+00:00,-14.0,-17.4195000669,-17.4333333333
2018-04-04 00:00:00+00:00,-7.0,-10.457322208,-11.6428571429
2018-04-10 00:00:00+00:00,-13.6153846154,-17.2776955868,-18.125
2018-04-11 00:00:00+00:00,-12.0,-15.6924653855,-19.76
2018-04-12 00:00:00+00:00,-8.53846153846,-12.2598407714,-11.3875
2018-04-13 00:00:00+00:00,-10.2307692308,-13.9797888132,-16.9333333333
2018-04-16 00:00:00+00:00,-0.538461538462,-4.36245146579,-5.4
2018-04-17 00:00:00+00:00,1.38461538462,-2.46161812834,-5.37777777778
2018-04-18 00:00:00+00:00,-2.84615384615,-6.71321319924,-5.56
2018-04-19 00:00:00+00:00,-4.07692307692,-7.96336614568,-9.67
2018-04-20 00:00:00+00:00,-4.23076923077,-8.13513111933,-7.26
2018-04-21 00:00:00+00:00,-3.84615384615,-7.76694853938,-6.73
2018-04-22 00:00:00+00:00,0.230769230769,-3.70495282632,-2.26666666667
2018-04-23 00:00:00+00:00,-5.84615384615,-9.79528013252,-10.4
2018-04-24 00:00:00+00:00,-7.61538461538,-11.5763760695,-11.55
2018-04-25 00:00:00+00:00,-6.38461538462,-10.3559188162,-9.62
2018-04-26 00:00:00+00:00,-3.53846153846,-7.51851145523,-5.91
2018-04-27 00:00:00+00:00,-10.6153846154,-14.6026050736,-13.51
2018-04-28 00:00:00+00:00,-9.46153846154,-13.4543449377,-13.5
2018-04-29 00:00:00+00:00,-10.3076923077,-14.3044935874,-11.52
2018-04-30 00:00:00+00:00,-0.307692307692,-4.30689238769,-5.04
2018-05-01 00:00:00+00:00,-8.84615384615,-12.8461538462,-11.29
2018-05-02 00:00:00+00:00,-5.07692307692,-9.07612315692,-8.91111111111
2018-05-03 00:00:00+00:00,-8.61538461538,-12.612185895,-10.2333333333
2018-05-04 00:00:00+00:00,0.230769230769,-3.76203724534,-3.9
2018-05-06 00:00:00+00:00,-5.69230769231,-9.67235760908,-9.67777777778
2018-05-07 00:00:00+00:00,-6.92307692308,-10.8943803547,-10.49
2018-05-08 00:00:00+00:00,-1.61538461538,-5.57637606946,-4.93
2018-05-09 00:00:00+00:00,-3.69230769231,-7.64143397867,-7.53
2018-05-10 00:00:00+00:00,-3.30769230769,-7.24341436478,-5.99
2018-05-11 00:00:00+00:00,-2.76923076923,-6.69002546246,-6.25
2018-05-12 00:00:00+00:00,-5.23076923077,-9.13513111933,-7.69
2018-05-13 00:00:00+00:00,-5.15384615385,-9.0402892226,-9.34
2018-05-14 00:00:00+00:00,-3.69230769231,-7.55936704539,-8.38
2018-05-15 00:00:00+00:00,-3.23076923077,-7.07700274372,-7.72
2018-05-16 00:00:00+00:00,-1.76923076923,-5.59322069656,-5.5875
2018-05-17 00:00:00+00:00,-1.0,-4.80035453521,-3.98
2018-05-18 00:00:00+00:00,-2.76923076923,-6.54458555443,-5.31
2018-05-19 00:00:00+00:00,-0.538461538462,-4.28748112091,-6.4
2018-05-20 00:00:00+00:00,2.92307692308,-0.798302309889,-5.7
2018-05-21 00:00:00+00:00,0.769230769231,-2.92323461632,-4.32
2018-05-22 00:00:00+00:00,-0.846153846154,-4.5084648176,-4.2
2018-05-23 00:00:00+00:00,0.307692307692,-3.32325783426,-3.34
2018-05-24 00:00:00+00:00,5.38461538462,1.78619718063,-4.19
2018-05-25 00:00:00+00:00,2.53846153846,-1.02629001556,-3.37
2018-05-26 00:00:00+00:00,0.0769230769231,-3.45306453342,-3.35
2018-05-27 00:00:00+00:00,-1.07692307692,-4.57108782084,-2.97
2018-05-28 00:00:00+00:00,4.0,0.542677791962,1.1
2018-05-29 00:00:00+00:00,1.76923076923,-1.65026929767,-1.41111111111
2018-05-30 00:00:00+00:00,4.07692307692,0.696183953628,1.57777777778
2018-05-31 00:00:00+00:00,5.38461538462,2.04353453897,0.6
2018-06-01 00:00:00+00:00,4.15384615385,0.853278859354,-0.2125
2018-06-02 00:00:00+00:00,0.923076923077,-2.3361641256,-2.68888888889
2018-06-04 00:00:00+00:00,0.307692307692,-2.86663062837,-2.16
2018-06-05 00:00:00+00:00,1.30769230769,-1.82312584528,-1.5
2018-06-06 00:00:00+00:00,2.69230769231,-0.39436700319,-1.41
2018-06-07 00:00:00+00:00,5.76923076923,2.7272941417,1.12
2018-06-08 00:00:00+00:00,6.0,3.0033519087,-0.02
2018-06-09 00:00:00+00:00,3.07692307692,0.126069840789,0.26
2018-06-10 00:00:00+00:00,9.15384615385,6.24925000555,0.54
2018-06-11 00:00:00+00:00,2.46153846154,-0.396382320407,0.1
2018-06-12 00:00:00+00:00,7.30769230769,4.49682141622,0.8625
2018-06-13 00:00:00+00:00,3.92307692308,1.1595869578,1.13
2018-06-14 00:00:00+00:00,2.53846153846,-0.177359622693,0.675
2018-06-15 00:00:00+00:00,4.53846153846,1.87055429503,0.61
2018-06-16 00:00:00+00:00,5.38461538462,2.76482486267,3.39
2018-06-18 00:00:00+00:00,9.30769230769,6.7845770255,4.5
2018-06-19 00:00:00+00:00,3.38461538462,0.909976794605,1.22
2018-06-20 00:00:00+00:00,3.61538461538,1.18926197653,1.21
2018-06-21 00:00:00+00:00,4.69230769231,2.31470106931,4.06
2018-06-22 00:00:00+00:00,8.61538461538,6.28625565458,4.47
2018-06-23 00:00:00+00:00,3.30769230769,1.02696505834,1.28
2018-06-24 00:00:00+00:00,4.84615384615,2.61371562449,2.24
2018-06-25 00:00:00+00:00,7.15384615385,4.96954844729,6.27
2018-06-26 00:00:00+00:00,3.61538461538,1.47904402435,2.27777777778
2018-06-27 00:00:00+00:00,5.38461538462,3.29601459918,3.70909090909
2018-06-28 00:00:00+00:00,8.38461538462,6.34350419343,3.63
2018-06-30 00:00:00+00:00,3.92307692308,1.97606789924,2.11
2018-07-02 00:00:00+00:00,11.6923076923,9.83803162232,8.82
2018-07-03 00:00:00+00:00,2.84615384615,1.03766001546,2.79
2018-07-04 00:00:00+00:00,6.46153846154,4.69840189832,4.42
2018-07-05 00:00:00+00:00,12.4615384615,10.7433090287,10.12
2018-07-06 00:00:00+00:00,4.61538461538,2.94158817973,2.79
2018-07-07 00:00:00+00:00,8.15384615385,6.5239857634,4.22
2018-07-08 00:00:00+00:00,5.61538461538,4.02894168222,5.62
2018-07-09 00:00:00+00:00,3.61538461538,2.07182010166,2.26
2018-07-10 00:00:00+00:00,1.92307692308,0.421832527671,1.14
2018-07-11 00:00:00+00:00,9.38461538462,7.92511472812,6.05
2018-07-16 00:00:00+00:00,3.76923076923,2.50925264244,3.3
2018-07-17 00:00:00+00:00,8.15384615385,6.93183943237,7.07
2018-07-18 00:00:00+00:00,3.0,1.8152943334,2.29
2018-07-19 00:00:00+00:00,2.61538461538,1.46730073574,1.8
2018-07-20 00:00:00+00:00,10.2307692308,9.11862002896,8.65
2018-07-21 00:00:00+00:00,11.1538461538,10.0769377349,8.63
2018-07-23 00:00:00+00:00,13.6153846154,12.6068540748,11.2444444444
2018-07-24 00:00:00+00:00,7.07692307692,6.10152112922,4.4375
2018-07-26 00:00:00+00:00,6.23076923077,5.31948974518,5.13
2018-07-27 00:00:00+00:00,8.15384615385,7.27355770187,5.35
2018-07-30 00:00:00+00:00,4.69230769231,3.90071289597,3.8875
2018-07-31 00:00:00+00:00,5.84615384615,5.08270231507,4.4125
2018-08-01 00:00:00+00:00,9.30769230769,8.57167793982,9.975
2018-08-02 00:00:00+00:00,11.5384615385,10.8291820569,13.4
2018-08-03 00:00:00+00:00,8.0,7.31675764191,8.3375
2018-08-06 00:00:00+00:00,3.07692307692,2.46766031447,2.98
2018-08-07 00:00:00+00:00,11.3846153846,10.7986564908,9.3
2018-08-08 00:00:00+00:00,16.0769230769,15.5136020687,16.27
2018-08-10 00:00:00+00:00,10.2307692308,9.71075839982,8.34444444444
2018-08-11 00:00:00+00:00,12.4615384615,11.9622172296,8.26666666667
2018-08-12 00:00:00+00:00,9.15384615385,8.67458309019,9.59
2018-08-13 00:00:00+00:00,6.23076923077,5.77094254883,6.38
2018-08-14 00:00:00+00:00,5.61538461538,5.17438251417,5.17
2018-08-15 00:00:00+00:00,9.07692307692,8.65414405316,8.19
2018-08-16 00:00:00+00:00,11.1538461538,10.7486992852,11.83
2018-08-17 00:00:00+00:00,3.38461538462,2.99652058445,3.97
2018-08-18 00:00:00+00:00,6.0,5.62838824493,5.81
2018-08-19 00:00:00+00:00,10.8461538462,10.4904673763,11.55
2018-08-20 00:00:00+00:00,8.0,7.65969249338,6.73
2018-08-21 00:00:00+00:00,8.53846153846,8.2129982598,6.31
2018-08-22 00:00:00+00:00,11.9230769231,11.6119348483,13.0333333333
2018-08-23 00:00:00+00:00,7.0,6.7026679166,7.44
2018-08-24 00:00:00+00:00,5.53846153846,5.2544401235,6.24
2018-08-25 00:00:00+00:00,4.69230769231,4.42110956791,2.8
2018-08-27 00:00:00+00:00,4.61538461538,4.36841887105,3.2
2018-08-28 00:00:00+00:00,2.46153846154,2.22600578915,2.1
2018-08-29 00:00:00+00:00,2.25,2.02546094866,2.27
